,Team,Year,Lagged Football Spending,Lagged Expenses,Lagged Football Expenses Pct
0,Appalachian State,2005,,,
1,Appalachian State,2006,1922321.0,8011932.0,0.23993226602522338
2,Appalachian State,2007,2153228.0,9042340.0,0.2381272989071413
3,Appalachian State,2008,2199967.0,10513168.0,0.20925823690822784
4,Appalachian State,2009,3696405.0,13687188.0,0.27006314226121536
5,Appalachian State,2010,3574933.0,15785349.0,0.22647158450535368
6,Appalachian State,2011,3873051.0,16185310.0,0.2392942118501283
7,Appalachian State,2012,3995833.0,15454170.0,0.258560181491468
8,Appalachian State,2013,4130232.0,17238578.0,0.23959238401218477
9,Appalachian State,2014,5028787.0,21395675.0,0.23503754847650285
10,Appalachian State,2015,5021668.0,19320283.0,0.259916896662435
11,Appalachian State,2016,5943876.0,30648792.0,0.1939350823353821
12,Appalachian State,2017,7466848.0,31523281.0,0.2368677295995934
13,Arizona State,2005,,,
14,Arizona State,2006,10584738.0,39749018.0,0.2662892954990737
15,Arizona State,2007,14631191.0,48897603.0,0.2992210272556714
16,Arizona State,2008,18702358.0,54832410.0,0.3410821811406794
17,Arizona State,2009,18515792.0,54296003.0,0.34101574659188083
18,Arizona State,2010,17278227.0,53032149.0,0.32580665362061795
19,Arizona State,2011,18084699.0,57905546.0,0.31231376352102785
20,Arizona State,2012,16608509.0,57080884.0,0.29096446719360547
21,Arizona State,2013,24541562.0,65587903.0,0.3741781773385864
22,Arizona State,2014,23582003.0,65600187.0,0.3594807283095092
23,Arizona State,2015,27869848.0,74553104.0,0.3738254546718806
24,Arizona State,2016,27569960.0,83873516.0,0.32870876666241106
25,Arizona State,2017,27084029.0,89086777.0,0.30401850770737837
26,Arkansas State,2005,,,
27,Arkansas State,2006,2963601.0,9424316.0,0.31446324592681313
28,Arkansas State,2007,3722632.0,10416949.0,0.35736298603362654
29,Arkansas State,2008,3695679.0,10392939.0,0.3555951786111705
30,Arkansas State,2009,3629238.0,10388098.0,0.34936501369163053
31,Arkansas State,2010,3780308.0,11051532.0,0.34206189693881356
32,Arkansas State,2011,4183536.0,13332956.0,0.31377407980645855
33,Arkansas State,2012,4785705.0,13374507.0,0.3578229089117079
34,Arkansas State,2013,5299557.0,15307308.0,0.34621090788791864
35,Arkansas State,2014,6319206.0,16281038.0,0.388132869661013
36,Arkansas State,2015,7589999.0,20151793.0,0.3766413737973589
37,Arkansas State,2016,15072254.0,29211785.0,0.515964840902396
38,Arkansas State,2017,13020362.0,43102044.0,0.30208223999771333
39,Auburn,2005,,,
40,Auburn,2006,20171530.0,61314114.0,0.3289867321576236
41,Auburn,2007,18197817.0,63249119.0,0.28771652930058994
42,Auburn,2008,22953259.0,68910465.0,0.33308814561039457
43,Auburn,2009,23177807.0,69841200.0,0.33186438663711393
44,Auburn,2010,28801870.0,85480343.0,0.33694144161307354
45,Auburn,2011,27911717.0,90908902.0,0.307029525007353
46,Auburn,2012,39069675.0,100497784.0,0.3887615571702556
47,Auburn,2013,33334594.0,96315831.0,0.34609672837687505
48,Auburn,2014,36306282.0,103126413.0,0.35205609255506637
49,Auburn,2015,49639258.0,126470602.0,0.3924964158864366
50,Auburn,2016,39577350.0,115498047.0,0.34266683314567215
51,Auburn,2017,41896340.0,124864399.0,0.3355347107384868
52,Ball State,2005,,,
53,Ball State,2006,4019809.0,14803177.0,0.27155042461493234
54,Ball State,2007,4325954.0,16189583.0,0.26720601759785906
55,Ball State,2008,4716672.0,17144947.0,0.2751056623272151
56,Ball State,2009,4930653.0,19441780.0,0.25361119197933524
57,Ball State,2010,5359790.0,19616773.0,0.2732248571158977
58,Ball State,2011,5154426.0,17347944.0,0.2971202812275622
59,Ball State,2012,5489370.0,19506118.0,0.28141786079628966
60,Ball State,2013,5673718.0,20174709.0,0.2812292360697743
61,Ball State,2014,6456670.0,22727145.0,0.2840950766143306
62,Ball State,2015,6833612.0,25245450.0,0.27068687624898746
63,Ball State,2016,7020457.0,25495662.0,0.2753588826208945
64,Ball State,2017,7288847.0,27226309.0,0.2677133723855114
65,Boise State,2005,,,
66,Boise State,2006,5167351.0,16852312.0,0.30662564281981014
67,Boise State,2007,4707854.0,20666105.0,0.22780557826450606
68,Boise State,2008,9799279.0,25275959.0,0.38769167967078916
69,Boise State,2009,7403569.0,25607867.0,0.28911306826140576
70,Boise State,2010,6781463.0,30207049.0,0.2244993544387603
71,Boise State,2011,16629745.0,36655700.0,0.4536741898258661
72,Boise State,2012,14827673.0,37293281.0,0.3975963659512822
73,Boise State,2013,18084752.0,43172225.0,0.4188978446211656
74,Boise State,2014,15208683.0,43292010.0,0.3513046171799369
75,Boise State,2015,19065541.0,45680801.0,0.4173644196825708
76,Boise State,2016,16444287.0,44227893.0,0.3718080578697249
77,Boise State,2017,17307082.0,46741012.0,0.3702761506319119
78,Bowling Green,2005,,,
79,Bowling Green,2006,4022640.0,16411529.0,0.24511061705463275
80,Bowling Green,2007,3763278.0,17200166.0,0.21879312095011175
81,Bowling Green,2008,3949669.0,17132784.0,0.23053281941802337
82,Bowling Green,2009,4440092.0,17789360.0,0.2495925654436135
83,Bowling Green,2010,4316795.0,18138104.0,0.23799593386387022
84,Bowling Green,2011,4321823.0,17850240.0,0.24211568023735255
85,Bowling Green,2012,4920850.0,18031088.0,0.2729092110248699
86,Bowling Green,2013,4880738.0,18387277.0,0.26544104382611955
87,Bowling Green,2014,5732183.0,20701488.0,0.2768971486494111
88,Bowling Green,2015,5894344.0,23306965.0,0.25290053853000594
89,Bowling Green,2016,5681208.0,21823070.0,0.2603303751488677
90,Bowling Green,2017,6687220.0,23719835.0,0.2819252326165001
91,Fresno State,2005,,,
92,Fresno State,2006,6137066.0,25350352.0,0.24208997176843935
93,Fresno State,2007,6657996.0,25634086.0,0.25973213946461754
94,Fresno State,2008,5905529.0,25871953.0,0.22825988436203482
95,Fresno State,2009,6950343.0,28856248.0,0.24086093937091196
96,Fresno State,2010,6958107.0,28645243.0,0.24290619562906135
97,Fresno State,2011,6118632.0,26690524.0,0.22924360720681242
98,Fresno State,2012,7040523.0,28838967.0,0.2441322880947851
99,Fresno State,2013,7253910.0,30174803.0,0.24039626704439462
100,Fresno State,2014,8718043.0,33050314.0,0.26378094320072115
101,Fresno State,2015,10322556.0,36436560.0,0.2833021558566451
102,Fresno State,2016,9889651.0,41535096.0,0.23810348241400478
103,Fresno State,2017,11581458.0,44055912.0,0.2628809046104868
104,Central Michigan,2005,,,
105,Central Michigan,2006,3572222.0,16735819.0,0.21344769562816138
107,Central Michigan,2008,3692553.0,17476651.0,0.21128493096303178
108,Central Michigan,2009,5716507.0,21636204.0,0.2642102561059232
109,Central Michigan,2010,6032887.0,22418292.0,0.2691055589783557
110,Central Michigan,2011,7038284.0,24104699.0,0.2919880476416652
111,Central Michigan,2012,5826355.0,23423660.0,0.24873802813053125
112,Central Michigan,2013,5656183.0,25738861.0,0.21975265339052882
113,Central Michigan,2014,6740097.0,27187504.0,0.24791157731875643
114,Central Michigan,2015,5995025.0,29281777.0,0.2047356961976727
115,Central Michigan,2016,6617204.0,28491818.0,0.23224927240515153
116,Central Michigan,2017,7102372.0,29618926.0,0.2397916791446118
118,Clemson,2006,,,
119,Clemson,2007,13376672.0,46863188.0,0.285440930736509
120,Clemson,2008,13880931.0,54249905.0,0.2558701439200677
121,Clemson,2009,15678243.0,60050712.0,0.2610833823252587
122,Clemson,2010,19387978.0,61972760.0,0.3128467733242799
123,Clemson,2011,18114200.0,56780518.0,0.3190213939224718
124,Clemson,2012,17992943.0,58367884.0,0.3082678652527476
125,Clemson,2013,24144791.0,67783797.0,0.3562029875664829
126,Clemson,2014,22339679.0,67091087.0,0.33297536228620056
127,Clemson,2015,26976828.0,73456221.0,0.3672504198112778
128,Clemson,2016,29025294.0,82855674.0,0.35031148259079997
129,Clemson,2017,40877050.0,103059980.0,0.3966335914289912
130,Coastal Carolina,2005,,,
131,Coastal Carolina,2006,2182669.0,10857118.0,0.2010357628976677
132,Coastal Carolina,2007,2714221.0,13058924.0,0.20784415316300178
133,Coastal Carolina,2008,3340465.0,15162840.0,0.22030602446507383
134,Coastal Carolina,2009,4175452.0,16910542.0,0.24691414385180557
135,Coastal Carolina,2010,4424905.0,17849304.0,0.24790350368843514
136,Coastal Carolina,2011,4638307.0,18492619.0,0.2508193674460064
137,Coastal Carolina,2012,4500116.0,19070302.0,0.23597507789860905
138,Coastal Carolina,2013,6540131.0,22174271.0,0.2949423230193227
139,Coastal Carolina,2014,5345890.0,22190005.0,0.24091432156054043
140,Coastal Carolina,2015,6050364.0,23829311.0,0.2539042778030804
141,Coastal Carolina,2016,6344240.0,25119220.0,0.25256516723051115
142,Coastal Carolina,2017,6888057.0,27336685.0,0.2519711881671095
143,Colorado State,2005,,,
144,Colorado State,2006,5588319.0,18012178.0,0.3102522637739867
145,Colorado State,2007,7003716.0,19891653.0,0.35209321216291073
146,Colorado State,2008,6755705.0,20313040.0,0.3325797123424165
147,Colorado State,2009,8602144.0,23953191.0,0.35912309136598963
148,Colorado State,2010,9024543.0,25984458.0,0.34730541618378186
149,Colorado State,2011,8605318.0,25355036.0,0.3393928527650286
150,Colorado State,2012,8948431.0,25948502.0,0.3448534716955915
151,Colorado State,2013,10959554.0,30161147.0,0.3633666186501462
152,Colorado State,2014,11928993.0,34468927.0,0.34607961541709725
153,Colorado State,2015,12631192.0,36944157.0,0.34189958644881246
154,Colorado State,2016,12784326.0,38781340.0,0.32965147671534817
155,Colorado State,2017,14170946.0,40699254.0,0.34818687340067705
156,East Carolina,2005,,,
157,East Carolina,2006,5878869.0,21763041.0,0.2701308608479854
158,East Carolina,2007,6072464.0,23475157.0,0.2586761826555622
159,East Carolina,2008,6977440.0,24932913.0,0.2798485680353515
160,East Carolina,2009,8449057.0,27625195.0,0.3058460582812176
161,East Carolina,2010,9076549.0,29581993.0,0.30682682535960304
162,East Carolina,2011,9743703.0,30473691.0,0.3197414779850593
163,East Carolina,2012,9134850.0,32220961.0,0.28350644166075617
164,East Carolina,2013,9711313.0,33623495.0,0.28882520987184707
165,East Carolina,2014,10471152.0,36639494.0,0.2857886629111199
166,East Carolina,2015,10368151.0,38723518.0,0.26774816792213973
167,East Carolina,2016,10869391.0,49352531.0,0.22023978871519273
168,East Carolina,2017,11970385.0,45814967.0,0.2612767351769565
169,Eastern Michigan,2005,,,
170,Eastern Michigan,2006,4385808.0,19749198.0,0.22207524578972776
172,Eastern Michigan,2008,4527090.0,19238903.0,0.23530915458121496
173,Eastern Michigan,2009,5661498.0,25153393.0,0.22507889889845079
174,Eastern Michigan,2010,6225464.0,23615132.0,0.2636218167232773
175,Eastern Michigan,2011,6124141.0,24635531.0,0.24858977060409213
176,Eastern Michigan,2012,6348784.0,25971066.0,0.24445604196608642
177,Eastern Michigan,2013,7744734.0,27798118.0,0.27860641500982186
178,Eastern Michigan,2014,6640001.0,27797656.0,0.2388690974519578
179,Eastern Michigan,2015,7765856.0,30081523.0,0.25816033317196074
180,Eastern Michigan,2016,7952838.0,33956234.0,0.23420848142346998
181,Eastern Michigan,2017,7599297.0,30212703.0,0.2515265515965255
182,Florida Atlantic,2005,,,
183,Florida Atlantic,2006,3810131.0,14362376.0,0.26528556277874915
184,Florida Atlantic,2007,3587551.0,14731275.0,0.24353295963859203
185,Florida Atlantic,2008,3635670.0,15327294.0,0.23720233982593406
186,Florida Atlantic,2009,4525548.0,16275735.0,0.27805490811935685
187,Florida Atlantic,2010,4704782.0,15968769.0,0.29462396256092127
188,Florida Atlantic,2011,4616870.0,15208667.0,0.3035683534921239
189,Florida Atlantic,2012,4928818.0,16707200.0,0.2950116117601992
190,Florida Atlantic,2013,6900943.0,20020133.0,0.3447001575863657
191,Florida Atlantic,2014,6729231.0,21967412.0,0.3063278915149404
192,Florida Atlantic,2015,6008059.0,24033024.0,0.24999180294581322
193,Florida Atlantic,2016,6082156.0,29794361.0,0.20413782326125404
194,Florida Atlantic,2017,6471651.0,29182295.0,0.22176634839720455
195,FIU,2005,,,
196,FIU,2006,4386327.0,13463158.0,0.32580223748395437
197,FIU,2007,4776694.0,15200636.0,0.31424303562035166
198,FIU,2008,5905875.0,17977244.0,0.3285194883042139
199,FIU,2009,6039755.0,18475489.0,0.3269063676744902
200,FIU,2010,5973113.0,21801110.0,0.27398205871168946
201,FIU,2011,6239272.0,22509591.0,0.27718282397934285
202,FIU,2012,7224805.0,24606141.0,0.2936179630930344
203,FIU,2013,7867971.0,27428271.0,0.286856251347378
204,FIU,2014,8168226.0,26275579.0,0.3108675930604612
205,FIU,2015,7155156.0,27542910.0,0.2597821363102156
206,FIU,2016,9194701.0,30483759.0,0.30162622004720613
207,FIU,2017,8153840.0,27760735.0,0.2937184480165961
208,Florida State,2005,,,
209,Florida State,2006,11788546.0,56412748.0,0.20896954000539028
210,Florida State,2007,12176838.0,59512089.0,0.20461116732097911
211,Florida State,2008,13976879.0,67843586.0,0.2060162179516867
212,Florida State,2009,14746453.0,65583105.0,0.22485140037209278
213,Florida State,2010,16706311.0,78528151.0,0.21274295634440699
214,Florida State,2011,16345377.0,75209181.0,0.2173322030989807
215,Florida State,2012,18689809.0,86949804.0,0.21494940920165848
216,Florida State,2013,22052228.0,90278878.0,0.24426785631961442
217,Florida State,2014,23427950.0,84772759.0,0.2763617732436902
218,Florida State,2015,32856508.0,98866182.0,0.33233313288056376
219,Florida State,2016,31689962.0,111386681.0,0.2845040512518727
220,Florida State,2017,42457101.0,115631800.0,0.36717495533235667
221,Georgia Tech,2005,,,
222,Georgia Tech,2006,12847465.0,40942114.0,0.313795838680924
223,Georgia Tech,2007,10430643.0,48696486.0,0.21419703672252655
224,Georgia Tech,2008,17283685.0,49725966.0,0.34757866745112603
225,Georgia Tech,2009,13958597.0,54800099.0,0.25471846319109753
226,Georgia Tech,2010,16128865.0,56026127.0,0.28788113445714353
227,Georgia Tech,2011,16419024.0,55221082.0,0.29733252963062184
228,Georgia Tech,2012,14323303.0,55065262.0,0.2601150431282793
229,Georgia Tech,2013,17121071.0,61179789.0,0.2798484806804417
230,Georgia Tech,2014,19713773.0,63630961.0,0.3098141642085211
231,Georgia Tech,2015,18992117.0,68818267.0,0.275974938456384
232,Georgia Tech,2016,18041532.0,74979077.0,0.24062088681086324
233,Georgia Tech,2017,17592435.0,76301805.0,0.23056381169488716
234,Georgia Southern,2005,,,
235,Georgia Southern,2006,2115786.0,8803187.0,0.24034318480341268
236,Georgia Southern,2007,2722828.0,9458911.0,0.2878585071791034
237,Georgia Southern,2008,2354075.0,9069380.0,0.2595629469710168
238,Georgia Southern,2009,2535909.0,9346897.0,0.271310254087533
239,Georgia Southern,2010,2344026.0,9525178.0,0.24608736970584696
240,Georgia Southern,2011,2563722.0,10174594.0,0.25197290427509933
241,Georgia Southern,2012,2874032.0,11212578.0,0.2563221410812036
242,Georgia Southern,2013,3745578.0,11335102.0,0.3304406082980109
243,Georgia Southern,2014,3409232.0,13200750.0,0.2582604776243774
244,Georgia Southern,2015,4240723.0,18109721.0,0.23416832318951794
245,Georgia Southern,2016,5139515.0,20172581.0,0.2547772642479413
246,Georgia Southern,2017,7211422.0,29080388.0,0.247982317154778
255,Georgia State,2013,,,
256,Georgia State,2014,5319668.0,27261115.0,0.19513757966246062
257,Georgia State,2015,6494315.0,27488640.0,0.2362545036786105
258,Georgia State,2016,7434514.0,27586906.0,0.26949430284063025
259,Georgia State,2017,7308599.0,28077647.0,0.2602995543038204
260,Indiana,2005,,,
261,Indiana,2006,10291799.0,38805232.0,0.26521678829287765
262,Indiana,2007,10821156.0,41434508.0,0.26116289349930255
263,Indiana,2008,10499371.0,43212993.0,0.24296791939405818
264,Indiana,2009,12636044.0,50920826.0,0.24815080572337928
265,Indiana,2010,11947990.0,55652636.0,0.2146886627256973
266,Indiana,2011,12934511.0,65796415.0,0.19658382603368285
267,Indiana,2012,16264177.0,69314511.0,0.23464317594334613
268,Indiana,2013,16156689.0,69915060.0,0.23109025437437944
269,Indiana,2014,16063409.0,72597053.0,0.22126805891142717
270,Indiana,2015,17829682.0,80386732.0,0.2217988162524134
271,Indiana,2016,18208699.0,88330530.0,0.20614275720976655
272,Indiana,2017,24430110.0,94190256.0,0.2593698227128717
273,Iowa State,2005,,,
274,Iowa State,2006,7160617.0,28227582.0,0.25367447342815264
275,Iowa State,2007,9032493.0,33341962.0,0.27090466361877563
276,Iowa State,2008,11447581.0,42123353.0,0.2717632900685755
277,Iowa State,2009,9833299.0,38642012.0,0.2544717133259003
278,Iowa State,2010,14404273.0,45768048.0,0.3147233414892416
279,Iowa State,2011,13368441.0,46656014.0,0.2865319999260974
280,Iowa State,2012,12513317.0,48469929.0,0.25816660470041125
281,Iowa State,2013,14084667.0,55113720.0,0.2555564567225729
282,Iowa State,2014,14984496.0,62224194.0,0.24081462589937283
283,Iowa State,2015,14461262.0,67967712.0,0.21276664425602557
284,Iowa State,2016,15420582.0,75209309.0,0.20503554952220077
285,Iowa State,2017,22764523.0,78279309.0,0.29081149656034905
286,Kansas State,2005,,,
287,Kansas State,2006,8466373.0,34394621.0,0.24615398436866043
288,Kansas State,2007,8971751.0,34834467.0,0.25755384745803633
289,Kansas State,2008,10209079.0,40548866.0,0.2517722443828639
290,Kansas State,2009,10393954.0,41362747.0,0.2512878073596031
291,Kansas State,2010,14019451.0,51237044.0,0.2736194344076524
292,Kansas State,2011,11307556.0,42337682.0,0.2670801863928214
293,Kansas State,2012,13008132.0,46549248.0,0.279448810859415
294,Kansas State,2013,13654480.0,50994785.0,0.2677622819666756
295,Kansas State,2014,15973141.0,59325573.0,0.26924545676111716
296,Kansas State,2015,16250969.0,62576606.0,0.2596971941878727
297,Kansas State,2016,16062328.0,67316209.0,0.23861010949086572
298,Kansas State,2017,17796347.0,70884496.0,0.2510612052598921
299,Kent State,2005,,,
300,Kent State,2006,3463473.0,15223077.0,0.22751464766288707
301,Kent State,2007,3521386.0,16362203.0,0.21521466271992837
303,Kent State,2009,4257817.0,16995460.0,0.25052672890289523
304,Kent State,2010,4128981.0,17179520.0,0.2403432109861044
305,Kent State,2011,4396188.0,19446680.0,0.22606367770745445
306,Kent State,2012,4605679.0,20756745.0,0.22188830666850703
307,Kent State,2013,5336428.0,22735640.0,0.2347164188032534
308,Kent State,2014,5135621.0,27116813.0,0.189388812025956
309,Kent State,2015,4818896.0,24392281.0,0.19755823573859288
310,Kent State,2016,5387046.0,26291980.0,0.20489312710568014
311,Kent State,2017,5708716.0,28029169.0,0.20367054050014827
312,LSU,2005,,,
313,LSU,2006,12175610.0,55857396.0,0.21797668477062554
314,LSU,2007,15498730.0,65215990.0,0.23765229968907933
315,LSU,2008,16783489.0,73232219.0,0.22918176219677297
316,LSU,2009,18525028.0,81150829.0,0.22827897420493387
317,LSU,2010,22919545.0,94451691.0,0.24265891650367594
318,LSU,2011,25528809.0,102326769.0,0.24948319241859382
319,LSU,2012,22069946.0,91796925.0,0.24042140845131796
320,LSU,2013,24671982.0,101989116.0,0.2419079894760535
321,LSU,2014,25822228.0,105312018.0,0.24519735249969288
322,LSU,2015,38490225.0,122945710.0,0.3130668406404746
323,LSU,2016,28208608.0,126632377.0,0.2227598396893395
324,LSU,2017,30530660.0,123952910.0,0.2463085376535331
325,Louisiana Tech,2005,,,
326,Louisiana Tech,2006,3079154.0,10996389.0,0.28001501220082337
327,Louisiana Tech,2007,3209085.0,12055688.0,0.266188458095465
328,Louisiana Tech,2008,3209085.0,13186880.0,0.24335437950447716
329,Louisiana Tech,2009,4254985.0,14631914.0,0.2908016681891378
330,Louisiana Tech,2010,4747114.0,15966998.0,0.29730785962395684
331,Louisiana Tech,2011,4781714.0,16481887.0,0.2901193291763255
332,Louisiana Tech,2012,5045127.0,17135283.0,0.29442916116413137
333,Louisiana Tech,2013,5890991.0,18687576.0,0.3152356945598509
334,Louisiana Tech,2014,5836215.0,18444386.0,0.31642229782005216
335,Louisiana Tech,2015,5835706.0,19239017.0,0.3033266200658797
336,Louisiana Tech,2016,6513456.0,21849418.0,0.29810661318301473
337,Louisiana Tech,2017,7217168.0,23102396.0,0.31239911219598177
338,Marshall,2005,,,
339,Marshall,2006,4992762.0,16516504.0,0.3022892738075806
340,Marshall,2007,5884500.0,19691376.0,0.2988364043223795
341,Marshall,2008,5764707.0,20975251.0,0.27483375526710024
342,Marshall,2009,7100039.0,23575610.0,0.301160351736392
343,Marshall,2010,6845216.0,24701638.0,0.2771158738541954
344,Marshall,2011,7575633.0,25678598.0,0.29501739152581463
345,Marshall,2012,6438806.0,26146967.0,0.246254412605485
346,Marshall,2013,7241104.0,26816730.0,0.27002188559156914
347,Marshall,2014,7197939.0,28337108.0,0.25401106563167986
348,Marshall,2015,8365781.0,29441144.0,0.28415271498960776
349,Marshall,2016,7964531.0,27397209.0,0.29070592555613967
350,Marshall,2017,8862422.0,28910839.0,0.306543231069842
351,Miami,2005,,,
352,Miami,2006,4545311.0,20055568.0,0.22663586491292592
353,Miami,2007,4225044.0,21213766.0,0.19916520244448818
354,Miami,2008,4828486.0,23354626.0,0.20674644929017488
355,Miami,2009,5321463.0,23320946.0,0.228183839540643
356,Miami,2010,5363703.0,24818228.0,0.21611949894247084
357,Miami,2011,6903977.0,25604474.0,0.26963947785062875
358,Miami,2012,6959084.0,26975567.0,0.25797730220091386
359,Miami,2013,6388432.0,27832911.0,0.22952798577195177
360,Miami,2014,6922038.0,28926951.0,0.23929372991989373
361,Miami,2015,7248081.0,28712466.0,0.25243672905002307
362,Miami,2016,8009180.0,32756388.0,0.2445074224911489
363,Miami,2017,7613027.0,33285723.0,0.22871748947739545
364,Michigan State,2005,,,
365,Michigan State,2006,13733699.0,58340854.0,0.23540449030794097
366,Michigan State,2007,15910445.0,70218402.0,0.2265851193822383
367,Michigan State,2008,22496400.0,73696382.0,0.30525786191240706
368,Michigan State,2009,25486607.0,83444368.0,0.3054323210884646
369,Michigan State,2010,21261261.0,81404459.0,0.2611805454047671
370,Michigan State,2011,20319519.0,78162447.0,0.25996523624701773
371,Michigan State,2012,19034408.0,84004229.0,0.2265886875766695
372,Michigan State,2013,20469348.0,88100432.0,0.23234106275438013
373,Michigan State,2014,22778431.0,93743529.0,0.2429867025808256
374,Michigan State,2015,34504088.0,107422832.0,0.3211988304311322
375,Michigan State,2016,33703851.0,108283151.0,0.3112566515542201
376,Michigan State,2017,36896168.0,121892394.0,0.3026945881463285
377,Middle Tennessee,2005,,,
378,Middle Tennessee,2006,4063829.0,15376862.0,0.26428207523745745
379,Middle Tennessee,2007,4933301.0,17473479.0,0.282330782553377
381,Middle Tennessee,2009,6053785.0,19621497.0,0.30852819231886336
382,Middle Tennessee,2010,5866450.0,19441095.0,0.30175512233235835
383,Middle Tennessee,2011,6915655.0,20800017.0,0.3324831417205092
384,Middle Tennessee,2012,8147745.0,24328234.0,0.3349090197011423
385,Middle Tennessee,2013,8538347.0,26450723.0,0.3228020269994132
386,Middle Tennessee,2014,8889716.0,28716516.0,0.3095680548434218
387,Middle Tennessee,2015,10093608.0,29036660.0,0.34761601368752465
388,Middle Tennessee,2016,9387830.0,31671166.0,0.2964156734867292
389,Middle Tennessee,2017,10495327.0,32412731.0,0.32380261323860676
390,Mississippi State,2005,,,
391,Mississippi State,2006,7097439.0,25273465.0,0.28082571978159704
392,Mississippi State,2007,7185069.0,25796264.0,0.27853137958271784
393,Mississippi State,2008,7239780.0,27542758.0,0.26285602916018797
394,Mississippi State,2009,9613003.0,30432972.0,0.3158746046886252
395,Mississippi State,2010,12858662.0,36703582.0,0.3503380678212824
396,Mississippi State,2011,9951097.0,36265186.0,0.2743980687152687
397,Mississippi State,2012,11766024.0,51588743.0,0.22807347719249527
398,Mississippi State,2013,13594454.0,67926160.0,0.2001357650719546
399,Mississippi State,2014,15279070.0,57362224.0,0.2663611857169276
400,Mississippi State,2015,15308001.0,54388802.0,0.28145501347869367
401,Mississippi State,2016,17213522.0,69493395.0,0.24770011596066072
402,Mississippi State,2017,22311861.0,87641937.0,0.2545797339006782
403,New Mexico State,2005,,,
404,New Mexico State,2006,3642934.0,12643034.0,0.28813764164519373
405,New Mexico State,2007,5205474.0,16844756.0,0.30902638186032494
406,New Mexico State,2008,5962160.0,21793202.0,0.27357888941698427
407,New Mexico State,2009,6955346.0,28298002.0,0.24578929636092328
408,New Mexico State,2010,7004434.0,28791357.0,0.24328252398801486
409,New Mexico State,2011,5564963.0,26994899.0,0.20614868757241878
410,New Mexico State,2012,5572976.0,25782307.0,0.216155055480489
411,New Mexico State,2013,6248723.0,27426388.0,0.22783616274953888
412,New Mexico State,2014,6659103.0,28484118.0,0.23378301550358693
413,New Mexico State,2015,7046124.0,29513451.0,0.23874280239203474
414,New Mexico State,2016,6436788.0,420349471.0,0.015312944214458165
415,New Mexico State,2017,7165940.0,27077217.0,0.26464832039422664
416,NC State,2005,,,
417,NC State,2006,6851208.0,37048794.0,0.18492391412254877
418,NC State,2007,9888391.0,42463462.0,0.2328682244514119
419,NC State,2008,12555591.0,43294143.0,0.2900066875096708
420,NC State,2009,13501418.0,43892285.0,0.3076034432930525
421,NC State,2010,14426843.0,48349169.0,0.2983886444873541
422,NC State,2011,13267296.0,45880314.0,0.28917186573744896
423,NC State,2012,15031661.0,50560564.0,0.29730010527572437
424,NC State,2013,15463582.0,56332313.0,0.27450642759866795
425,NC State,2014,18055244.0,63137393.0,0.2859675248232058
426,NC State,2015,19030914.0,63958569.0,0.2975506534550515
427,NC State,2016,20233959.0,73074396.0,0.27689533006882466
428,NC State,2017,22610480.0,79905724.0,0.2829644594672592
429,NIU,2005,,,
430,NIU,2006,4758041.0,15208205.0,0.31286013043616917
431,NIU,2007,5553916.0,16670569.0,0.33315695463064277
432,NIU,2008,6429993.0,18934750.0,0.33958689710717066
433,NIU,2009,6783703.0,22448970.0,0.30218326275103047
434,NIU,2010,7916380.0,23770449.0,0.33303451693318875
435,NIU,2011,6731166.0,21899024.0,0.3073728765263694
436,NIU,2012,7219248.0,22793622.0,0.3167222831018256
437,NIU,2013,7331191.0,23863877.0,0.3072087154991622
438,NIU,2014,8293578.0,25294053.0,0.32788647987730557
439,NIU,2015,8450296.0,26130115.0,0.323392989276932
440,NIU,2016,8359004.0,27276559.0,0.3064537576019028
441,NIU,2017,9577950.0,28746741.0,0.33318385551948304
442,Ohio,2005,,,
443,Ohio,2006,3790077.0,14986448.0,0.2529002869792762
444,Ohio,2007,3783618.0,16704043.0,0.22650911518846067
445,Ohio,2008,5230512.0,20734683.0,0.2522590772185907
446,Ohio,2009,4923669.0,20297059.0,0.24258041522173238
447,Ohio,2010,5717837.0,21893603.0,0.2611647338265885
448,Ohio,2011,6622491.0,22875238.0,0.2895047911632657
449,Ohio,2012,6510141.0,22841117.0,0.28501850413007385
450,Ohio,2013,7868100.0,24408346.0,0.3223528542245345
451,Ohio,2014,7891542.0,27027550.0,0.2919814041598295
452,Ohio,2015,7702585.0,27298719.0,0.28215921047430836
453,Ohio,2016,7745654.0,27110443.0,0.28570739327276945
454,Ohio,2017,9037911.0,31168868.0,0.28996596860688045
455,Oklahoma State,2005,,,
456,Oklahoma State,2006,8625007.0,55433091.0,0.1555931095381277
457,Oklahoma State,2007,8127511.0,80300988.0,0.10121308843672011
458,Oklahoma State,2008,9879701.0,66435650.0,0.14871083522175219
459,Oklahoma State,2009,15473818.0,89801118.0,0.17231208635954845
460,Oklahoma State,2010,12498599.0,75982440.0,0.16449325659981437
461,Oklahoma State,2011,15479410.0,83748207.0,0.18483273319511187
462,Oklahoma State,2012,13787271.0,66937207.0,0.20597320411053302
463,Oklahoma State,2013,26238172.0,96782619.0,0.2711041741906158
464,Oklahoma State,2014,19950826.0,96551860.0,0.2066332642374782
465,Oklahoma State,2015,22228460.0,109648000.0,0.20272563111046257
466,Oklahoma State,2016,19523281.0,93144396.0,0.20960231466850673
467,Oklahoma State,2017,19445963.0,92926534.0,0.20926168407400195
473,Old Dominion,2010,,,
474,Old Dominion,2011,4415209.0,29048014.0,0.1519969317007352
475,Old Dominion,2012,5020384.0,30909628.0,0.16242136592520623
476,Old Dominion,2013,5936486.0,34375037.0,0.17269758866005003
477,Old Dominion,2014,6092802.0,35561455.0,0.1713316285849384
478,Old Dominion,2015,8939298.0,41118876.0,0.21740132196220538
479,Old Dominion,2016,8709737.0,42780118.0,0.20359310369363637
480,Old Dominion,2017,9844722.0,43998223.0,0.2237527183768308
481,Oregon State,2005,,,
482,Oregon State,2006,10175665.0,36106183.0,0.28182610717948225
483,Oregon State,2007,8136245.0,55324993.0,0.14706273889632485
484,Oregon State,2008,11740804.0,54910688.0,0.21381637032120232
485,Oregon State,2009,12799376.0,52128314.0,0.24553596726723217
486,Oregon State,2010,12529608.0,54576139.0,0.22958032996801037
487,Oregon State,2011,11981026.0,52669946.0,0.22747367160771345
488,Oregon State,2012,12282221.0,54589335.0,0.22499305038246023
489,Oregon State,2013,11903213.0,57819032.0,0.20587015362000527
490,Oregon State,2014,13792592.0,64185065.0,0.21488787150094807
491,Oregon State,2015,14355659.0,73020003.0,0.19659899219669985
492,Oregon State,2016,14770240.0,72557984.0,0.2035646414872828
493,Oregon State,2017,15745810.0,77667683.0,0.20273309814070287
494,Pennsylvania State,2005,,,
499,Pennsylvania State,2010,8072104.0,60218635.0,0.13404661198315107
500,Pennsylvania State,2011,14071560.0,88041921.0,0.15982795286804338
501,Pennsylvania State,2012,15049592.0,101336483.0,0.14851109446930383
502,Pennsylvania State,2013,18380701.0,107389258.0,0.17115958655753075
503,Pennsylvania State,2014,18780930.0,110737200.0,0.16959910490783586
504,Pennsylvania State,2015,30300992.0,117440639.0,0.2580111302017013
505,Pennsylvania State,2016,33528252.0,122271407.0,0.2742117132912358
506,Pennsylvania State,2017,35647905.0,129349149.0,0.27559443008009277
507,Purdue,2005,,,
508,Purdue,2006,13368124.0,51500109.0,0.25957467390991346
509,Purdue,2007,12249633.0,51826232.0,0.2363597067986729
510,Purdue,2008,14505047.0,55786246.0,0.2600111683442546
511,Purdue,2009,15631155.0,59217169.0,0.26396322661085
512,Purdue,2010,12726563.0,57707608.0,0.22053527153646707
513,Purdue,2011,11878980.0,58365143.0,0.20352867121391272
514,Purdue,2012,12483396.0,59429383.0,0.21005427567706703
515,Purdue,2013,13948588.0,68056269.0,0.2049566954662178
516,Purdue,2014,17719595.0,74628002.0,0.23743895756448097
517,Purdue,2015,15377439.0,74604756.0,0.20611874931941337
518,Purdue,2016,15663882.0,76150390.0,0.20569667469858
519,Purdue,2017,16951809.0,80376885.0,0.210904030431137
520,Rutgers,2005,,,
521,Rutgers,2006,10731676.0,37997629.0,0.28243014847057957
522,Rutgers,2007,13191330.0,41824257.0,0.31539902788948526
523,Rutgers,2008,15747670.0,44819848.0,0.3513548283340898
524,Rutgers,2009,18779278.0,51748813.0,0.3628929227806636
525,Rutgers,2010,22414351.0,58354222.0,0.38410847119168173
526,Rutgers,2011,26833762.0,64203255.0,0.4179501802517645
527,Rutgers,2012,19510550.0,60190100.0,0.3241488218162123
528,Rutgers,2013,21338849.0,64038720.0,0.3332179187841356
529,Rutgers,2014,19753420.0,78989475.0,0.2500766083076258
530,Rutgers,2015,19699664.0,76656339.0,0.256986757481335
531,Rutgers,2016,18660865.0,70558935.0,0.2644720332017483
532,Rutgers,2017,25174838.0,83974159.0,0.2997926778879679
533,San Diego State,2005,,,
534,San Diego State,2006,5654807.0,25177993.0,0.22459323902425424
535,San Diego State,2007,7306987.0,30916070.0,0.2363491543394746
536,San Diego State,2008,7538645.0,30440354.0,0.24765300035604054
537,San Diego State,2009,8161803.0,31405858.0,0.2598815482130754
538,San Diego State,2010,9863275.0,35055228.0,0.2813638810165491
539,San Diego State,2011,9584060.0,32629652.0,0.2937224092981439
540,San Diego State,2012,12134110.0,36054231.0,0.3365516241353199
541,San Diego State,2013,11748674.0,39017254.0,0.30111483499069414
542,San Diego State,2014,11582709.0,42849323.0,0.2703125321256534
543,San Diego State,2015,12391569.0,45063393.0,0.27498082534530854
544,San Diego State,2016,13026414.0,53607909.0,0.24299425668701236
545,San Diego State,2017,14664034.0,55285535.0,0.26524178521560837
546,San Jose State,2005,,,
548,San Jose State,2007,4463837.0,14028812.0,0.31819066361428183
549,San Jose State,2008,4993556.0,17008079.0,0.2935990595998525
550,San Jose State,2009,4402339.0,17386449.0,0.2532051829559906
551,San Jose State,2010,4906918.0,17809653.0,0.2755201350638331
552,San Jose State,2011,5258767.0,20785707.0,0.25299918833648527
553,San Jose State,2012,5980575.0,19650442.0,0.30434811593550926
554,San Jose State,2013,5770987.0,23505166.0,0.24551994229694016
555,San Jose State,2014,7572660.0,24440274.0,0.3098434984812363
556,San Jose State,2015,6831339.0,27815957.0,0.2455906514379498
557,San Jose State,2016,7108789.0,28479255.0,0.2496128848876138
558,San Jose State,2017,8577078.0,30563760.0,0.28062901946619134
559,Texas A&M,2005,,,
560,Texas A&M,2006,13384354.0,58873096.0,0.2273424519750074
562,Texas A&M,2008,13656099.0,61459536.0,0.22219658475781529
563,Texas A&M,2009,19064170.0,77426317.0,0.2462233868104562
564,Texas A&M,2010,16164234.0,77812183.0,0.20773397399736235
565,Texas A&M,2011,16600812.0,75941926.0,0.2185987750692549
566,Texas A&M,2012,15560215.0,78310805.0,0.1986981873063366
567,Texas A&M,2013,17929882.0,81792118.0,0.21921283417553755
568,Texas A&M,2014,18066604.0,85114588.0,0.21226213302001767
569,Texas A&M,2015,23725571.0,95663483.0,0.2480107378068181
570,Texas A&M,2016,23828299.0,109313651.0,0.21798100037844312
571,Texas A&M,2017,29945769.0,137101774.0,0.21841999652024927
572,Texas State,2005,,,
573,Texas State,2006,2153043.0,9535861.0,0.22578380704165046
574,Texas State,2007,2765975.0,11186563.0,0.24725869777875475
575,Texas State,2008,2609127.0,12775434.0,0.20423000893746546
576,Texas State,2009,2556233.0,12714001.0,0.20105653601883466
577,Texas State,2010,2889115.0,14306278.0,0.2019473548605724
578,Texas State,2011,3068877.0,19768353.0,0.15524191620819397
579,Texas State,2012,3834745.0,20284579.0,0.18904730534461672
580,Texas State,2013,4893076.0,25439818.0,0.19233926909382765
581,Texas State,2014,6088368.0,27690963.0,0.21986840977686475
582,Texas State,2015,6505083.0,28378049.0,0.2292293948748908
583,Texas State,2016,6962761.0,33908581.0,0.20533920307664894
584,Texas State,2017,8131826.0,31268882.0,0.2600612967230488
585,Texas Tech,2005,,,
586,Texas Tech,2006,17848380.0,46287452.0,0.38559867153629457
587,Texas Tech,2007,18668051.0,52853607.0,0.353202970612772
588,Texas Tech,2008,18477680.0,51502786.0,0.3587704944738329
589,Texas Tech,2009,19689583.0,51275866.0,0.3839931830697896
590,Texas Tech,2010,20823258.0,53808480.0,0.3869884077751314
591,Texas Tech,2011,22788417.0,59341489.0,0.38402165810163613
592,Texas Tech,2012,20945285.0,56970651.0,0.36765044162826926
593,Texas Tech,2013,22728847.0,60346836.0,0.37663692923353925
594,Texas Tech,2014,21537382.0,66296446.0,0.32486480497008846
595,Texas Tech,2015,24219786.0,69659608.0,0.3476876585352016
596,Texas Tech,2016,26165385.0,76525961.0,0.3419151443259889
597,Texas Tech,2017,25352468.0,78598577.0,0.32255632312529015
598,Ohio State,2005,,,
599,Ohio State,2006,25711478.0,89580307.0,0.28702154369709854
600,Ohio State,2007,32288865.0,101804852.0,0.31716430372100535
601,Ohio State,2008,31136950.0,109197920.0,0.28514233604449607
602,Ohio State,2009,20547985.0,114264848.0,0.1798277016917749
603,Ohio State,2010,40828747.0,119859608.0,0.3406380821802788
604,Ohio State,2011,37978930.0,122739754.0,0.30942647970436704
605,Ohio State,2012,39217983.0,122286869.0,0.32070477656926516
606,Ohio State,2013,34360112.0,124419412.0,0.27616359415040476
607,Ohio State,2014,34074179.0,116026329.0,0.2936762654966012
608,Ohio State,2015,31950998.0,113937001.0,0.2804268825717117
609,Ohio State,2016,29236140.0,156969195.0,0.1862539971616724
610,Ohio State,2017,37479825.0,169075013.0,0.2216757185758726
611,Alabama,2005,,,
612,Alabama,2006,14175824.0,56989608.0,0.24874401662843512
613,Alabama,2007,15937538.0,60636961.0,0.2628353686788492
614,Alabama,2008,23849001.0,77106548.0,0.30929929582634147
615,Alabama,2009,27638909.0,123370004.0,0.2240326505947102
616,Alabama,2010,28053214.0,90868971.0,0.3087215987072199
617,Alabama,2011,32078815.0,98961214.0,0.32415543123793933
618,Alabama,2012,31807880.0,105068152.0,0.30273569482786755
619,Alabama,2013,37774386.0,108204867.0,0.349100618551659
620,Alabama,2014,41549940.0,116607913.0,0.3563217875274039
621,Alabama,2015,41993027.0,120184128.0,0.34940576346320873
622,Alabama,2016,48640971.0,132354913.0,0.36750408350916297
623,Alabama,2017,56214375.0,145277366.0,0.38694516942164275
624,Tennessee,2005,,,
625,Tennessee,2006,13586845.0,71783012.0,0.18927660767425028
626,Tennessee,2007,11946390.0,70565159.0,0.16929587021833253
627,Tennessee,2008,13903184.0,94445270.0,0.14720889675046722
628,Tennessee,2009,18070311.0,100507146.0,0.17979130558537598
629,Tennessee,2010,24337466.0,105972740.0,0.22965779690135407
630,Tennessee,2011,19190135.0,111670619.0,0.17184587290592523
631,Tennessee,2012,21115163.0,97580406.0,0.2163873247258266
632,Tennessee,2013,22286733.0,101292015.0,0.2200245794300765
633,Tennessee,2014,29798832.0,110269194.0,0.2702371434763548
634,Tennessee,2015,32731417.0,106153854.0,0.308339412716942
635,Tennessee,2016,38920641.0,113413325.0,0.34317520450088207
636,Tennessee,2017,44106181.0,128011504.0,0.3445485727595232
637,Texas,2005,,,
638,Texas,2006,13909263.0,82400829.0,0.16880003719380057
639,Texas,2007,17135973.0,90738962.0,0.18884911863990686
640,Texas,2008,16716359.0,97235567.0,0.17191609526995405
641,Texas,2009,19136137.0,110996365.0,0.17240327644963868
642,Texas,2010,22540547.0,127651428.0,0.1765788863717216
643,Texas,2011,23839404.0,130436534.0,0.1827663099358344
644,Texas,2012,24864162.0,133686815.0,0.18598813951847085
645,Texas,2013,24773663.0,138269710.0,0.17916912532759344
646,Texas,2014,27105130.0,146807585.0,0.1846303104842982
647,Texas,2015,34885037.0,154128877.0,0.22633680124717967
648,Texas,2016,25862105.0,183062661.0,0.14127460432796834
649,Texas,2017,28672761.0,181493246.0,0.15798252349291278
650,UTEP,2005,,,
651,UTEP,2006,6701805.0,21325403.0,0.3142639320813773
652,UTEP,2007,7624452.0,23740388.0,0.32115953622998916
653,UTEP,2008,7507527.0,23207842.0,0.32349095620351087
654,UTEP,2009,9016354.0,25707421.0,0.35072962005795916
655,UTEP,2010,8851416.0,25547680.0,0.34646652846755555
656,UTEP,2011,9013206.0,26614312.0,0.338660116406541
657,UTEP,2012,9421227.0,27660527.0,0.3406018619963387
658,UTEP,2013,8801291.0,27092238.0,0.3248639333524237
659,UTEP,2014,10034440.0,28964808.0,0.3464355779606756
660,UTEP,2015,9115799.0,28521887.0,0.3196071494147635
661,UTEP,2016,9932288.0,29395257.0,0.337887435377755
662,UTEP,2017,10738195.0,32510383.0,0.3303004766200386
670,UTSA,2012,,,
671,UTSA,2013,4921710.0,21223077.0,0.23190369615112832
672,UTSA,2014,6377631.0,24891193.0,0.2562203828478611
673,UTSA,2015,6864515.0,27175879.0,0.2525958773955389
674,UTSA,2016,8508786.0,26177864.0,0.32503744384950584
675,UTSA,2017,8452073.0,26443958.0,0.31962208531718284
676,Troy,2005,,,
677,Troy,2006,3352473.0,11975714.0,0.2799393004876369
678,Troy,2007,4153257.0,12825677.0,0.3238236079077931
679,Troy,2008,4566606.0,14142659.0,0.32289585713690755
680,Troy,2009,4553301.0,14327947.0,0.3177915859124828
681,Troy,2010,5194083.0,15458050.0,0.3360115279740976
682,Troy,2011,4400873.0,15783593.0,0.27882580347833347
683,Troy,2012,4427904.0,15246720.0,0.2904168240775721
684,Troy,2013,5228809.0,16504664.0,0.31680796410032946
685,Troy,2014,5469818.0,22268629.0,0.2456288620193008
686,Troy,2015,6303814.0,24628741.0,0.25595356254710705
687,Troy,2016,7967269.0,27056669.0,0.29446599653490235
688,Troy,2017,7870053.0,27320624.0,0.2880627104271118
689,Air Force,2005,,,
690,Air Force,2006,2967664.0,14330645.0,0.20708516608987243
691,Air Force,2007,4437360.0,26606845.0,0.1667751287309713
692,Air Force,2008,5202668.0,28064038.0,0.1853855813621689
693,Air Force,2009,5534450.0,31174646.0,0.17753048422747125
694,Air Force,2010,7408350.0,34945674.0,0.21199619729755392
695,Air Force,2011,8123768.0,35081470.0,0.23156863153111884
696,Air Force,2012,9113818.0,39430241.0,0.23113777062635757
697,Air Force,2013,10004782.0,43156740.0,0.2318243222263776
698,Air Force,2014,9349675.0,39497086.0,0.23671809611473615
699,Air Force,2015,9366888.0,41438813.0,0.22604141677513784
701,Air Force,2017,11453218.0,43481337.0,0.26340537780611484
702,Army,2005,,,
703,Army,2006,5620774.0,20493126.0,0.27427606700900586
704,Army,2007,6575777.0,23209804.0,0.2833189371181247
705,Army,2008,6421743.0,23479378.0,0.27350566952838357
706,Army,2009,6672650.0,24888651.0,0.26810010715325633
707,Army,2010,6524125.0,25968123.0,0.25123590950335534
708,Army,2011,6430294.0,25784801.0,0.24938311527011592
709,Army,2012,6561284.0,27420476.0,0.23928410287261243
710,Army,2013,5678863.0,26301738.0,0.21591208155141686
711,Army,2014,6552152.0,27898527.0,0.23485655712217351
712,Army,2015,8802592.0,32532108.0,0.27058166657998306
713,Army,2016,9285751.0,37210925.0,0.24954367568126834
715,Buffalo,2005,,,
716,Buffalo,2006,3525507.0,18685142.0,0.18867970069480874
717,Buffalo,2007,4135034.0,20888277.0,0.197959554059916
718,Buffalo,2008,4552496.0,22068328.0,0.20629093422936254
719,Buffalo,2009,4322914.0,21854374.0,0.19780543702601594
720,Buffalo,2010,5247017.0,25942006.0,0.20225949373383076
721,Buffalo,2011,3764709.0,16973584.0,0.22179811877090896
722,Buffalo,2012,5940402.0,26221691.0,0.22654534370037385
723,Buffalo,2013,5989993.0,27478169.0,0.2179909804033886
724,Buffalo,2014,6054188.0,28960127.0,0.2090525362682284
725,Buffalo,2015,6699385.0,31134149.0,0.21517803489666604
726,Buffalo,2016,7271745.0,31909540.0,0.22788623715666223
727,Buffalo,2017,7539611.0,34219719.0,0.2203294246805475
728,Akron,2005,,,
730,Akron,2007,3862021.0,13896456.0,0.27791409550751645
731,Akron,2008,4621604.0,16992718.0,0.27197556035473547
732,Akron,2009,4846682.0,18858092.0,0.25700807907820156
733,Akron,2010,5065388.0,20124113.0,0.2517073920226944
734,Akron,2011,5825843.0,24498336.0,0.23780566157636177
735,Akron,2012,6035637.0,25344459.0,0.23814424288954048
736,Akron,2013,6692963.0,27225730.0,0.24583226969488053
737,Akron,2014,7178825.0,28407737.0,0.2527066833940345
738,Akron,2015,7146955.0,32050686.0,0.2229891428844924
739,Akron,2016,7247876.0,34070009.0,0.2127347838387715
740,Akron,2017,12202178.0,35378884.0,0.3449000256763328
742,UAB,2006,,,
743,UAB,2007,5382925.0,19226855.0,0.2799690849075421
744,UAB,2008,6204878.0,21123121.0,0.293748163446112
745,UAB,2009,5435638.0,21509018.0,0.2527143731062013
746,UAB,2010,5831236.0,22519272.0,0.25894425006279065
747,UAB,2011,6192426.0,23839180.0,0.2597583473928214
748,UAB,2012,6739472.0,25224426.0,0.2671803909432865
749,UAB,2013,7466811.0,27412637.0,0.27238572487572066
750,UAB,2014,7145895.0,27544633.0,0.2594296682043286
751,UAB,2015,8977964.0,30805171.0,0.29144340734222834
752,UAB,2016,6855195.0,31066375.0,0.2206628549356016
753,UAB,2017,7097348.0,30847992.0,0.2300748781314518
754,Arizona,2005,,,
755,Arizona,2006,8530936.0,40760160.0,0.20929593995705612
756,Arizona,2007,8157844.0,40479457.0,0.20153047013451786
757,Arizona,2008,9261561.0,43267008.0,0.21405596153078113
758,Arizona,2009,8623955.0,46211393.0,0.18661967190644957
759,Arizona,2010,12562711.0,53177538.0,0.23624092939391064
760,Arizona,2011,13618667.0,56919148.0,0.23926336704829101
761,Arizona,2012,18440854.0,58506308.0,0.3151942864007074
762,Arizona,2013,24120824.0,76802678.0,0.3140622778804666
763,Arizona,2014,20689233.0,68253136.0,0.30312501684904264
764,Arizona,2015,21883965.0,95524260.0,0.22909326908159247
765,Arizona,2016,19654737.0,80706045.0,0.24353488019391856
766,Arizona,2017,22208317.0,87254614.0,0.25452312470260885
767,Arkansas,2005,,,
768,Arkansas,2006,12474166.0,45916377.0,0.2716713907981024
769,Arkansas,2007,13874878.0,48736994.0,0.28468883411233775
770,Arkansas,2008,24239450.0,62169914.0,0.3898903575771393
771,Arkansas,2009,19613876.0,64632499.0,0.3034677028347612
772,Arkansas,2010,19332088.0,64609733.0,0.2992132470196093
773,Arkansas,2011,22005103.0,71801905.0,0.30646962639779546
774,Arkansas,2012,24059191.0,79392988.0,0.30303924321377096
775,Arkansas,2013,24325173.0,82470473.0,0.29495614751718474
776,Arkansas,2014,29861959.0,92131933.0,0.3241217027325368
777,Arkansas,2015,28074699.0,94640408.0,0.29664600558357695
778,Arkansas,2016,30795323.0,97106539.0,0.3171292409051876
779,Arkansas,2017,34237142.0,105633576.0,0.32411230686727865
781,California,2006,,,
783,California,2008,12590098.0,53722726.0,0.2343532977086829
784,California,2009,15367991.0,64282315.0,0.23907027928287897
785,California,2010,19136395.0,72738751.0,0.2630839097030962
786,California,2011,17407575.0,69345912.0,0.251025251495719
787,California,2012,16016219.0,62669411.0,0.25556677084455126
788,California,2013,20643873.0,68578362.0,0.30102604375415093
789,California,2014,26249082.0,90126390.0,0.2912474581529339
790,California,2015,31140564.0,90108023.0,0.34559146858654305
791,California,2016,31353054.0,94016545.0,0.33348443085203777
792,California,2017,32580960.0,103381770.0,0.31515188799727456
793,UCLA,2005,,,
794,UCLA,2006,13219941.0,46010599.0,0.28732381858362677
795,UCLA,2007,13458173.0,52049868.0,0.258563057258858
796,UCLA,2008,16940071.0,61309668.0,0.2763034208568867
797,UCLA,2009,16950787.0,66088264.0,0.2564870973157957
798,UCLA,2010,18390149.0,66177866.0,0.2778897252443891
799,UCLA,2011,15274817.0,61875531.0,0.2468636107543061
800,UCLA,2012,17913658.0,66003893.0,0.2714030519381637
801,UCLA,2013,19193346.0,71731776.0,0.26757104131926135
802,UCLA,2014,20149375.0,83926720.0,0.24008295570230792
803,UCLA,2015,24092213.0,86426780.0,0.27875865559262997
804,UCLA,2016,26858792.0,96912767.0,0.27714400105818876
805,UCLA,2017,26735958.0,98913023.0,0.2702976533231625
806,Central Florida,2005,,,
807,Central Florida,2006,5243258.0,20730846.0,0.25292059957418045
808,Central Florida,2007,7281686.0,25142787.0,0.28961331931897605
809,Central Florida,2008,7417009.0,29614919.0,0.2504483973094777
810,Central Florida,2009,13671894.0,38825507.0,0.3521369083473913
811,Central Florida,2010,13220079.0,37757742.0,0.35012896163123314
812,Central Florida,2011,15278017.0,39280775.0,0.38894387903497324
813,Central Florida,2012,16679092.0,42806123.0,0.38964266864345554
814,Central Florida,2013,13642206.0,40009614.0,0.3409731970920789
815,Central Florida,2014,15115876.0,41981093.0,0.3600638982886891
816,Central Florida,2015,17094739.0,45327168.0,0.37714112207495515
817,Central Florida,2016,21534495.0,47647475.0,0.4519545894089876
818,Central Florida,2017,25044275.0,59379453.0,0.4217666841760903
819,Cincinnati,2005,,,
820,Cincinnati,2006,7117544.0,25247524.0,0.28191057467655045
821,Cincinnati,2007,7739101.0,28872741.0,0.2680417837710663
822,Cincinnati,2008,8117044.0,34172295.0,0.23753289031362979
823,Cincinnati,2009,9311132.0,36369715.0,0.2560133341710266
824,Cincinnati,2010,10167376.0,44780811.0,0.22704760751206582
825,Cincinnati,2011,11186583.0,43478383.0,0.25729068627046225
826,Cincinnati,2012,11166459.0,43688807.0,0.25559084275292754
827,Cincinnati,2013,12267165.0,49868204.0,0.2459917144800322
828,Cincinnati,2014,15525517.0,59540002.0,0.2607577507303409
829,Cincinnati,2015,14564558.0,55433830.0,0.2627377181046303
830,Cincinnati,2016,13260455.0,51717370.0,0.256402346058974
831,Cincinnati,2017,13848430.0,57977434.0,0.2388589670939904
832,Colorado,2005,,,
833,Colorado,2006,10935305.0,36614714.0,0.298658757787921
834,Colorado,2007,15942092.0,45731542.0,0.34860167190513713
835,Colorado,2008,11449737.0,39703408.0,0.2883817177608532
836,Colorado,2009,14142729.0,48368255.0,0.29239692438770015
837,Colorado,2010,13040024.0,48207321.0,0.2704988314949093
838,Colorado,2011,12558502.0,48590915.0,0.2584537047717665
839,Colorado,2012,16308545.0,59186620.0,0.27554445582464415
840,Colorado,2013,14225803.0,54257246.0,0.2621917632900129
841,Colorado,2014,19781627.0,66327497.0,0.29824172318759445
842,Colorado,2015,17348921.0,64303100.0,0.2697991387662492
843,Colorado,2016,17039194.0,65273311.0,0.2610438131443953
844,Colorado,2017,18372292.0,74733332.0,0.2458379883289561
845,Connecticut,2005,,,
846,Connecticut,2006,10412728.0,47359002.0,0.21986797779226852
847,Connecticut,2007,10181545.0,49912115.0,0.20398945226023782
848,Connecticut,2008,11726917.0,52795923.0,0.222117851789427
849,Connecticut,2009,13790576.0,55025374.0,0.2506221220777164
850,Connecticut,2010,13877593.0,58355426.0,0.23781152758614083
851,Connecticut,2011,14414451.0,58379090.0,0.24691119714267556
852,Connecticut,2012,17946915.0,62993983.0,0.28489887677050046
853,Connecticut,2013,14445522.0,63828620.0,0.22631731658932935
854,Connecticut,2014,13711352.0,63420811.0,0.21619641540061668
855,Connecticut,2015,15380357.0,71396255.0,0.2154224615842946
856,Connecticut,2016,14624106.0,72062423.0,0.20293664008494414
857,Connecticut,2017,16781226.0,79211704.0,0.21185285952187066
858,Florida,2005,,,
859,Florida,2006,16244658.0,73868754.0,0.2199124409219086
860,Florida,2007,16024747.0,78665774.0,0.20370672257035188
861,Florida,2008,20891405.0,92630682.0,0.22553439690749552
862,Florida,2009,19037980.0,98775583.0,0.19273973811928805
863,Florida,2010,23060425.0,102082778.0,0.22589926970835375
864,Florida,2011,24657557.0,105824376.0,0.23300451117235976
865,Florida,2012,26463539.0,107157831.0,0.24695851673220223
866,Florida,2013,23245846.0,105102198.0,0.22117373796502335
867,Florida,2014,25904553.0,106972983.0,0.24215977037865719
868,Florida,2015,23239283.0,109690016.0,0.2118632474262744
869,Florida,2016,37673205.0,125384443.0,0.3004615572603373
870,Florida,2017,32248389.0,136788493.0,0.23575366825629113
871,Georgia,2005,,,
872,Georgia,2006,12532495.0,44933055.0,0.27891482117118455
873,Georgia,2007,17959128.0,62228597.0,0.2885992753460278
874,Georgia,2008,17171397.0,64153697.0,0.26766028776174816
875,Georgia,2009,19499402.0,71993533.0,0.2708493553164004
876,Georgia,2010,20460143.0,78573518.0,0.2603948953895637
877,Georgia,2011,18551074.0,77250831.0,0.24014076948893923
878,Georgia,2012,22036338.0,80759498.0,0.27286373176811973
879,Georgia,2013,22710140.0,88923561.0,0.25538945746898284
880,Georgia,2014,26325257.0,96904626.0,0.2716615097405154
881,Georgia,2015,24966515.0,92560956.0,0.2697305222301291
882,Georgia,2016,26154335.0,98346538.0,0.265940576372907
883,Georgia,2017,38884925.0,117400502.0,0.33121600280721114
884,Hawaii,2005,,,
885,Hawaii,2006,5702702.0,22036611.0,0.2587830769440909
886,Hawaii,2007,6612178.0,28348930.0,0.23324259504679717
887,Hawaii,2008,7069267.0,30236183.0,0.233801568141058
888,Hawaii,2009,9509675.0,35133798.0,0.27067028164731866
889,Hawaii,2010,9193520.0,35717190.0,0.2573976284248565
890,Hawaii,2011,8314691.0,34946092.0,0.23792906514410825
891,Hawaii,2012,8977917.0,36344952.0,0.24701964113200645
892,Hawaii,2013,10583552.0,40319775.0,0.26249035367880896
893,Hawaii,2014,9063145.0,40357387.0,0.2245721458626645
894,Hawaii,2015,9823217.0,43086528.0,0.22798813123211042
895,Hawaii,2016,10724823.0,47061787.0,0.22788813777938352
896,Hawaii,2017,12241668.0,47481543.0,0.25781950683447674
897,Houston,2005,,,
898,Houston,2006,7008100.0,22677457.0,0.3090337686452233
900,Houston,2008,5991124.0,26029167.0,0.23016964008106752
901,Houston,2009,7140031.0,30988450.0,0.23040942673802658
902,Houston,2010,7338429.0,31341925.0,0.2341409788964781
903,Houston,2011,8163706.0,33034483.0,0.2471267977767353
904,Houston,2012,7806911.0,33450817.0,0.23338476306871667
905,Houston,2013,9108384.0,36395207.0,0.25026328329441844
906,Houston,2014,9084251.0,42664044.0,0.212925221059682
907,Houston,2015,9928619.0,39486396.0,0.25144404163904954
908,Houston,2016,12758461.0,45437942.0,0.2807887073758754
909,Houston,2017,17737625.0,52204566.0,0.339771524965843
910,Idaho,2005,,,
911,Idaho,2006,3726647.0,11835622.0,0.31486701755091534
912,Idaho,2007,3615106.0,13269969.0,0.27242761456337994
913,Idaho,2008,4435625.0,14698552.0,0.30177292293825947
914,Idaho,2009,4580764.0,15610442.0,0.29344229971194924
915,Idaho,2010,5047929.0,15618281.0,0.32320643994047743
916,Idaho,2011,4744506.0,15658532.0,0.3029981354573979
917,Idaho,2012,5680410.0,17314106.0,0.32807989046618985
918,Idaho,2013,5987302.0,18371540.0,0.3259009315495598
919,Idaho,2014,6870502.0,19719585.0,0.34841007049590544
920,Idaho,2015,6697951.0,18920334.0,0.35400807406465445
921,Idaho,2016,6356771.0,19248132.0,0.3302539176269157
922,Idaho,2017,6806382.0,21646645.0,0.31443126636945357
923,Illinois,2005,,,
924,Illinois,2006,10324331.0,47915540.0,0.21546936547099332
925,Illinois,2007,10428399.0,50576001.0,0.20619263670134774
926,Illinois,2008,10842836.0,51714927.0,0.209665499479483
927,Illinois,2009,14318134.0,63458807.0,0.22562879254884197
928,Illinois,2010,11889407.0,73643345.0,0.1614457762612494
929,Illinois,2011,12408170.0,71957222.0,0.1724381466532991
930,Illinois,2012,14146821.0,73476818.0,0.19253448073921764
931,Illinois,2013,16712294.0,76740736.0,0.21777604530662828
932,Illinois,2014,16821289.0,78667480.0,0.21382773415393502
933,Illinois,2015,16781096.0,83112351.0,0.20190857072494556
934,Illinois,2016,17229821.0,87163188.0,0.1976731392614965
935,Illinois,2017,18432831.0,102912910.0,0.17911096868216048
936,Iowa,2005,,,
937,Iowa,2006,18124566.0,54982658.0,0.329641502598874
938,Iowa,2007,20808639.0,59224861.0,0.35134973132313474
940,Iowa,2009,28984732.0,70469589.0,0.41130837303450146
941,Iowa,2010,27052080.0,71116911.0,0.38038885012876894
942,Iowa,2011,18618732.0,74438196.0,0.250123364085825
943,Iowa,2012,20660805.0,88057486.0,0.2346286038645255
944,Iowa,2013,21757190.0,104658746.0,0.20788697391807084
945,Iowa,2014,21647370.0,106969227.0,0.20237007041286742
946,Iowa,2015,24284458.0,102278847.0,0.23743382637076463
947,Iowa,2016,24428508.0,109214651.0,0.2236742760822447
948,Iowa,2017,31137043.0,116168740.0,0.26803288905431877
949,Kansas,2005,,,
950,Kansas,2006,7066392.0,40761354.0,0.17336009005000177
951,Kansas,2007,10299787.0,47862244.0,0.21519649183184975
952,Kansas,2008,9869815.0,58763135.0,0.16795929965274997
953,Kansas,2009,13967331.0,65748366.0,0.21243616913612728
954,Kansas,2010,13485457.0,67643124.0,0.19936183018395187
955,Kansas,2011,15976477.0,69241375.0,0.23073598697310677
956,Kansas,2012,13096257.0,71992158.0,0.18191227161158302
957,Kansas,2013,20548723.0,78973441.0,0.26019789361843815
958,Kansas,2014,14330947.0,79720036.0,0.1797659373861798
959,Kansas,2015,14844644.0,90056511.0,0.16483698774428426
960,Kansas,2016,20793566.0,92207877.0,0.22550748023403683
961,Kansas,2017,14011838.0,85703264.0,0.163492466284598
962,Kentucky,2005,,,
963,Kentucky,2006,7812126.0,52462483.0,0.14890881165498782
964,Kentucky,2007,9331685.0,57551345.0,0.16214538513391824
965,Kentucky,2008,10122398.0,61075726.0,0.1657352055053754
966,Kentucky,2009,11916330.0,71079982.0,0.16764677852619603
967,Kentucky,2010,13017944.0,68628681.0,0.1896866413620859
968,Kentucky,2011,13905722.0,79002986.0,0.17601514454149872
969,Kentucky,2012,13652110.0,82840006.0,0.16480092963778878
970,Kentucky,2013,12668099.0,84929819.0,0.14915961377475678
971,Kentucky,2014,17601395.0,93423628.0,0.1884041047945601
972,Kentucky,2015,16513933.0,94612431.0,0.17454295197213568
973,Kentucky,2016,18079566.0,115159039.0,0.15699649942372304
974,Kentucky,2017,21111841.0,129873437.0,0.16255703620132883
975,Louisiana Lafayette,2005,,,
976,Louisiana Lafayette,2006,2748078.0,8157543.0,0.33687569896965297
977,Louisiana Lafayette,2007,2803292.0,8186934.0,0.3424104799183675
978,Louisiana Lafayette,2008,3181785.0,9967042.0,0.3192306202783133
979,Louisiana Lafayette,2009,3559285.0,11026554.0,0.32279214340219076
980,Louisiana Lafayette,2010,4015061.0,11940719.0,0.3362495173029363
981,Louisiana Lafayette,2011,4210176.0,12357621.0,0.34069470167437566
982,Louisiana Lafayette,2012,4830074.0,13946204.0,0.3463361069435095
983,Louisiana Lafayette,2013,6868076.0,17532577.0,0.39173225932502675
984,Louisiana Lafayette,2014,7438033.0,18652324.0,0.39877245323424576
985,Louisiana Lafayette,2015,8508602.0,21542643.0,0.39496555738309364
986,Louisiana Lafayette,2016,8060535.0,23034683.0,0.34993036370415864
987,Louisiana Lafayette,2017,8323568.0,25668326.0,0.32427389304623916
988,Louisiana Monroe,2005,,,
989,Louisiana Monroe,2006,2282520.0,6647569.0,0.3433616108384885
990,Louisiana Monroe,2007,2485739.0,7604242.0,0.3268884656748168
991,Louisiana Monroe,2008,2812449.0,8658622.0,0.32481484929126136
992,Louisiana Monroe,2009,2765136.0,9242021.0,0.29919170276717616
993,Louisiana Monroe,2010,3097577.0,10131066.0,0.3057503524308301
994,Louisiana Monroe,2011,3112796.0,10700417.0,0.2909041769119839
995,Louisiana Monroe,2012,3100339.0,10164038.0,0.3050302448692144
996,Louisiana Monroe,2013,3705521.0,10769839.0,0.34406466057663443
997,Louisiana Monroe,2014,4301868.0,11439382.0,0.3760577275940256
998,Louisiana Monroe,2015,4707201.0,12336499.0,0.38156700697661466
999,Louisiana Monroe,2016,4596900.0,12801041.0,0.3591036072769394
1000,Louisiana Monroe,2017,5468700.0,14617004.0,0.3741327566168826
1001,Louisville,2005,,,
1002,Louisville,2006,8988147.0,38629661.0,0.23267475735808296
1003,Louisville,2007,10500469.0,48807290.0,0.21514140613010885
1004,Louisville,2008,13615991.0,55731701.0,0.24431321412565535
1005,Louisville,2009,11601884.0,55145760.0,0.21038578487267198
1006,Louisville,2010,11533885.0,58931534.0,0.19571669388412663
1007,Louisville,2011,12222307.0,61257743.0,0.199522646467729
1008,Louisville,2012,15582160.0,81837054.0,0.19040470347331906
1009,Louisville,2013,18769538.0,84133793.0,0.22309154657986238
1010,Louisville,2014,23186537.0,92383221.0,0.25098212369105427
1011,Louisville,2015,21567492.0,88174474.0,0.24460017759788394
1012,Louisville,2016,18654530.0,101624437.0,0.18356342776098233
1013,Louisville,2017,23428837.0,109393330.0,0.2141706171665128
1014,Maryland,2005,,,
1015,Maryland,2006,9301053.0,46508648.0,0.1999854521679495
1016,Maryland,2007,10415512.0,49524563.0,0.2103100233312508
1017,Maryland,2008,10222566.0,55001995.0,0.18585809478365284
1018,Maryland,2009,10637582.0,56844987.0,0.18713315916494097
1019,Maryland,2010,11729096.0,62901837.0,0.18646666869204473
1020,Maryland,2011,9863748.0,54661992.0,0.18044984529652705
1021,Maryland,2012,12538482.0,61632000.0,0.2034411020249221
1022,Maryland,2013,15359814.0,68109639.0,0.22551600956217077
1023,Maryland,2014,12091331.0,63367929.0,0.1908115223396365
1024,Maryland,2015,16269408.0,72952894.0,0.2230125099629358
1025,Maryland,2016,16325467.0,92558535.0,0.17637992001493974
1026,Maryland,2017,20779161.0,94101697.0,0.22081600717572605
1027,Massachusetts,2005,,,
1028,Massachusetts,2006,3273833.0,18502005.0,0.17694476895882366
1029,Massachusetts,2007,3319087.0,20002569.0,0.16593303590153843
1030,Massachusetts,2008,3802593.0,21362070.0,0.17800676619821956
1031,Massachusetts,2009,3881895.0,24703893.0,0.15713697432222526
1032,Massachusetts,2010,4177621.0,24609058.0,0.16975948449550568
1033,Massachusetts,2011,4335398.0,25229901.0,0.17183571191975744
1034,Massachusetts,2012,4723852.0,26963095.0,0.17519694975669522
1035,Massachusetts,2013,5893382.0,29465734.0,0.20000798215310028
1036,Massachusetts,2014,6897021.0,30731842.0,0.224425890254154
1037,Massachusetts,2015,7820869.0,33475242.0,0.233631440214831
1038,Massachusetts,2016,7645373.0,36897375.0,0.2072064205109442
1039,Massachusetts,2017,9065925.0,42792280.0,0.21185889137012565
1040,Memphis,2005,,,
1041,Memphis,2006,7030198.0,24289381.0,0.28943504159286726
1042,Memphis,2007,7077845.0,27155528.0,0.26064103780268977
1043,Memphis,2008,7285390.0,29335795.0,0.2483447269794461
1044,Memphis,2009,7496138.0,34379023.0,0.21804395081268016
1045,Memphis,2010,8474315.0,35861454.0,0.23630706663483306
1046,Memphis,2011,11641889.0,39520842.0,0.29457593540137633
1047,Memphis,2012,8965932.0,40307245.0,0.22243971276131624
1048,Memphis,2013,12941164.0,46786144.0,0.27660249154108535
1049,Memphis,2014,11253801.0,46501314.0,0.24201038706132047
1050,Memphis,2015,11937359.0,50266862.0,0.23747969387864315
1051,Memphis,2016,13104127.0,43287138.0,0.302725650284387
1052,Memphis,2017,14814120.0,50115251.0,0.2956010337052886
1053,Michigan,2005,,,
1054,Michigan,2006,10690874.0,61387144.0,0.17415493380829056
1055,Michigan,2007,12842545.0,67909246.0,0.18911334989641912
1056,Michigan,2008,14750836.0,74925433.0,0.1968735502669701
1057,Michigan,2009,16785667.0,85496004.0,0.1963327666167883
1058,Michigan,2010,18034203.0,84542142.0,0.21331613528315854
1059,Michigan,2011,18328233.0,89133850.0,0.20562595467378555
1060,Michigan,2012,23552233.0,111844553.0,0.21058006284847863
1061,Michigan,2013,23640337.0,115200187.0,0.20521092556907047
1062,Michigan,2014,23061374.0,131018311.0,0.17601641956749084
1063,Michigan,2015,26755732.0,142551994.0,0.1876910399443448
1064,Michigan,2016,31887224.0,152555619.0,0.2090203180257818
1065,Michigan,2017,36597582.0,159096632.0,0.2300336690974074
1066,Minnesota,2005,,,
1067,Minnesota,2006,7639069.0,53872091.0,0.14180012058562938
1068,Minnesota,2007,7890070.0,57031263.0,0.13834640134131346
1069,Minnesota,2008,8304534.0,64828596.0,0.1280998588956022
1070,Minnesota,2009,9306397.0,63968805.0,0.14548336489950062
1071,Minnesota,2010,9257658.0,70322993.0,0.13164482347900067
1072,Minnesota,2011,17433697.0,78706900.0,0.2215015074917193
1073,Minnesota,2012,16985183.0,78924683.0,0.21520749091890556
1074,Minnesota,2013,16177355.0,83619526.0,0.1934638447962501
1075,Minnesota,2014,20839079.0,96427632.0,0.2161110728095034
1076,Minnesota,2015,27756653.0,106176156.0,0.2614207751126345
1077,Minnesota,2016,26418204.0,111162265.0,0.23765442346825158
1078,Minnesota,2017,27656340.0,110673824.0,0.24989052515254195
1079,Ole Miss,2005,,,
1080,Ole Miss,2006,7264838.0,28721832.0,0.2529378348846271
1081,Ole Miss,2007,6755180.0,29412948.0,0.22966688004208213
1082,Ole Miss,2008,7067428.0,33782527.0,0.20920365134319288
1083,Ole Miss,2009,7032803.0,34769709.0,0.20226810066198714
1084,Ole Miss,2010,9514554.0,41290128.0,0.23043169059684193
1085,Ole Miss,2011,11920509.0,45737904.0,0.26062648170322805
1086,Ole Miss,2012,17764174.0,47109301.0,0.37708421952599125
1087,Ole Miss,2013,18739684.0,51708064.0,0.3624131818201509
1088,Ole Miss,2014,28267069.0,71315807.0,0.39636470775686516
1089,Ole Miss,2015,27356450.0,73293496.0,0.3732452603980031
1090,Ole Miss,2016,27040318.0,82399898.0,0.3281596052461133
1091,Ole Miss,2017,34181971.0,97105043.0,0.3520102555332785
1092,Missouri,2005,,,
1093,Missouri,2006,6814760.0,46351896.0,0.14702224910066247
1094,Missouri,2007,7135461.0,56057181.0,0.12728897302202907
1095,Missouri,2008,9478405.0,57211839.0,0.16567209105094488
1096,Missouri,2009,10591618.0,51779677.0,0.20455164291581038
1097,Missouri,2010,15681323.0,58604216.0,0.26758011744411014
1098,Missouri,2011,13759649.0,61766109.0,0.22277020882115142
1099,Missouri,2012,14983805.0,64160358.0,0.2335368047665819
1100,Missouri,2013,15298186.0,66980889.0,0.22839628181107002
1101,Missouri,2014,17358875.0,70276015.0,0.247009950692281
1102,Missouri,2015,21416004.0,80230179.0,0.2669320231729758
1103,Missouri,2016,21647918.0,86859158.0,0.24923011572366383
1104,Missouri,2017,21061689.0,94323693.0,0.22329160712568794
1105,Nebraska,2005,,,
1106,Nebraska,2006,12661039.0,55697329.0,0.22731860265687068
1107,Nebraska,2007,12367676.0,61667540.0,0.20055406782887725
1108,Nebraska,2008,15685342.0,65356468.0,0.23999678195584254
1109,Nebraska,2009,19078115.0,74981110.0,0.25443895135721517
1110,Nebraska,2010,17938606.0,70543505.0,0.2542913908232941
1111,Nebraska,2011,17843849.0,71738068.0,0.2487361243126871
1112,Nebraska,2012,20147302.0,81916484.0,0.24594930124198203
1113,Nebraska,2013,18649948.0,77037282.0,0.2420899013545156
1114,Nebraska,2014,21359310.0,81666269.0,0.26154384498696764
1115,Nebraska,2015,23844465.0,90939273.0,0.2622020631284352
1116,Nebraska,2016,27482820.0,102523037.0,0.268064825274343
1117,Nebraska,2017,28223705.0,108989919.0,0.25895702335552706
1118,UNLV,2005,,,
1119,UNLV,2006,5417211.0,24280990.0,0.2231050299019933
1120,UNLV,2007,5847954.0,32720926.0,0.17872214252127216
1121,UNLV,2008,6119046.0,33484258.0,0.18274396284964714
1122,UNLV,2009,6482249.0,37934266.0,0.17088109731713275
1123,UNLV,2010,5909708.0,36218647.0,0.16316755289064222
1124,UNLV,2011,7268296.0,59143059.0,0.12289347427903585
1125,UNLV,2012,6745421.0,60555156.0,0.11139300838395991
1126,UNLV,2013,6925177.0,58691671.0,0.11799250016241657
1127,UNLV,2014,7482961.0,63672024.0,0.11752352964309726
1128,UNLV,2015,9032545.0,44467342.0,0.20312761216984815
1129,UNLV,2016,9351201.0,44935234.0,0.20810397916254314
1130,UNLV,2017,9414099.0,46303882.0,0.20331122561171006
1131,Nevada,2005,,,
1132,Nevada,2006,4373558.0,20477381.0,0.21357994950623813
1133,Nevada,2007,4801894.0,20175399.0,0.2380073871153676
1134,Nevada,2008,4998817.0,21359986.0,0.2340271664972065
1135,Nevada,2009,4933246.0,24051345.0,0.20511310282231618
1136,Nevada,2010,5616406.0,23997850.0,0.2340378825603127
1137,Nevada,2011,4884150.0,23988811.0,0.2036011705623926
1138,Nevada,2012,5579399.0,23112105.0,0.24140592126939542
1139,Nevada,2013,5573856.0,22177509.0,0.25132921826342175
1140,Nevada,2014,7137906.0,27274229.0,0.2617088094405895
1141,Nevada,2015,7128903.0,27734777.0,0.2570384106567722
1142,Nevada,2016,7697843.0,27013975.0,0.2849578042476163
1143,Nevada,2017,8718206.0,30911159.0,0.2820407348685955
1144,New Mexico,2005,,,
1145,New Mexico,2006,5078836.0,26216020.0,0.19373024585730406
1146,New Mexico,2007,4443221.0,26719944.0,0.16628855958680153
1147,New Mexico,2008,4805568.0,25822644.0,0.18609899125744056
1148,New Mexico,2009,6166236.0,36477159.0,0.16904375694390014
1149,New Mexico,2010,8753919.0,39368459.0,0.22235869074783954
1150,New Mexico,2011,6864321.0,37331322.0,0.18387564737193074
1151,New Mexico,2012,6902692.0,40428116.0,0.17073988805216647
1152,New Mexico,2013,8517413.0,44321779.0,0.19217218243879605
1153,New Mexico,2014,7898396.0,45046275.0,0.17533960355212502
1154,New Mexico,2015,7781906.0,47082167.0,0.16528351381957418
1155,New Mexico,2016,7663137.0,42180916.0,0.18167308173203256
1156,New Mexico,2017,9322101.0,44465814.0,0.20964647133188655
1157,UNC,2005,,,
1158,UNC,2006,10569162.0,54617880.0,0.19351102605959808
1159,UNC,2007,9939501.0,59943877.0,0.16581344913676505
1160,UNC,2008,15033938.0,63008867.0,0.2386003544548738
1161,UNC,2009,15256404.0,65929532.0,0.23140470646750533
1162,UNC,2010,17803503.0,74462225.0,0.23909442673785264
1163,UNC,2011,16701632.0,72685335.0,0.22977994116694928
1164,UNC,2012,17948582.0,74312602.0,0.2415281058251735
1165,UNC,2013,19361868.0,81921783.0,0.23634578363608125
1166,UNC,2014,18688589.0,82735139.0,0.22588454223785132
1167,UNC,2015,20322442.0,83463221.0,0.2434897881547131
1168,UNC,2016,22310037.0,89080843.0,0.2504470798508272
1169,UNC,2017,24818093.0,95175985.0,0.26076003311129375
1179,Charlotte,2014,,,
1180,Charlotte,2015,6877130.0,28366612.0,0.24243748248821537
1181,Charlotte,2016,8254835.0,28573920.0,0.288894033440284
1182,Charlotte,2017,10325123.0,32940261.0,0.31344994503838325
1183,North Texas,2005,,,
1184,North Texas,2006,3662367.0,13749794.0,0.26635795416280417
1185,North Texas,2007,3235022.0,14127731.0,0.22898383328504768
1186,North Texas,2008,4407669.0,16192280.0,0.2722080522322984
1187,North Texas,2009,4148654.0,16449462.0,0.2522060599915061
1188,North Texas,2010,4567136.0,17184137.0,0.26577627960019173
1189,North Texas,2011,4568925.0,17105046.0,0.26710977567672134
1190,North Texas,2012,5483746.0,18935422.0,0.28960252377792267
1191,North Texas,2013,12003434.0,26542476.0,0.45223490076811224
1192,North Texas,2014,12760350.0,28926470.0,0.4411305631139921
1193,North Texas,2015,13393263.0,31182673.0,0.4295097793572732
1194,North Texas,2016,13077540.0,31268741.0,0.41823046217306925
1195,North Texas,2017,14592734.0,34155537.0,0.42724358279010516
1196,Oklahoma,2005,,,
1197,Oklahoma,2006,15539986.0,62897773.0,0.2470673484735302
1198,Oklahoma,2007,15812516.0,64322580.0,0.24583149494314438
1199,Oklahoma,2008,17942907.0,69266318.0,0.2590423097124926
1200,Oklahoma,2009,18533245.0,76945882.0,0.24086077796859875
1201,Oklahoma,2010,20104378.0,81404991.0,0.24696738803152746
1202,Oklahoma,2011,19242511.0,87678197.0,0.21946745779911508
1203,Oklahoma,2012,23277520.0,94363928.0,0.24667815862858103
1204,Oklahoma,2013,23674490.0,96250328.0,0.24596788906527156
1205,Oklahoma,2014,25140633.0,102447553.0,0.24540003410330358
1206,Oklahoma,2015,27600571.0,113366698.0,0.24346277599088226
1207,Oklahoma,2016,35369766.0,128260251.0,0.27576560722620136
1208,Oklahoma,2017,39893246.0,132611840.0,0.30082718104205475
1209,Oregon,2005,,,
1210,Oregon,2006,8234921.0,40107833.0,0.20531951950632685
1211,Oregon,2007,9791460.0,44711104.0,0.21899392150996763
1212,Oregon,2008,10891060.0,49531150.0,0.21988304329699593
1213,Oregon,2009,15248908.0,56259942.0,0.2710437916910757
1214,Oregon,2010,14999598.0,60248727.0,0.24896124361266586
1215,Oregon,2011,16453940.0,77856232.0,0.21133748162895938
1216,Oregon,2012,17374226.0,76274142.0,0.22778658067369673
1217,Oregon,2013,19402937.0,89709350.0,0.21628667468887022
1218,Oregon,2014,21045182.0,94972708.0,0.22159189143053604
1219,Oregon,2015,29222176.0,110378432.0,0.26474534445280035
1220,Oregon,2016,20724336.0,103880557.0,0.1995015871930683
1221,Oregon,2017,23594213.0,110202688.0,0.21409834395327998
1229,South Alabama,2012,,,
1230,South Alabama,2013,7255599.0,18816817.0,0.3855911974910528
1231,South Alabama,2014,6700615.0,19830068.0,0.3379017661462381
1232,South Alabama,2015,8421200.0,22960759.0,0.36676487915752265
1233,South Alabama,2016,9164542.0,25123468.0,0.36478013306124774
1234,South Alabama,2017,8629356.0,26468257.0,0.3260266061342838
1235,South Carolina,2005,,,
1236,South Carolina,2006,10331418.0,48935414.0,0.2111235433708602
1237,South Carolina,2007,13191604.0,53098347.0,0.24843718769625728
1238,South Carolina,2008,14656554.0,57167414.0,0.2563795171843876
1239,South Carolina,2009,14330240.0,64516437.0,0.2221176597213513
1240,South Carolina,2010,20544570.0,75597812.0,0.27176143669343233
1241,South Carolina,2011,22796732.0,78295030.0,0.2911644838759242
1242,South Carolina,2012,22482479.0,80525711.0,0.2791962805519345
1243,South Carolina,2013,22197204.0,84963037.0,0.2612571864633323
1244,South Carolina,2014,24975717.0,89097412.0,0.2803192195975344
1245,South Carolina,2015,26187352.0,95762786.0,0.2734606321917159
1246,South Carolina,2016,28478476.0,107430044.0,0.2650885631211321
1247,South Carolina,2017,29970031.0,116735510.0,0.25673448464824455
1248,South Florida,2005,,,
1249,South Florida,2006,5379609.0,19823873.0,0.27137023123584375
1250,South Florida,2007,6668203.0,24237359.0,0.2751208578459394
1251,South Florida,2008,7691186.0,27846459.0,0.2761997854017992
1252,South Florida,2009,9738043.0,32809603.0,0.29680465807525924
1253,South Florida,2010,10426560.0,35213059.0,0.296099239773517
1254,South Florida,2011,12214980.0,39088660.0,0.3124942118762833
1255,South Florida,2012,12695322.0,43494246.0,0.2918850921108047
1256,South Florida,2013,12641752.0,43067025.0,0.2935366907744382
1257,South Florida,2014,13300684.0,44612535.0,0.29813782157862134
1258,South Florida,2015,12131757.0,46829647.0,0.25906146591282225
1259,South Florida,2016,12016829.0,46860838.0,0.2564364939440477
1260,South Florida,2017,12871982.0,48405191.0,0.26592152068979547
1261,Southern Miss,2005,,,
1262,Southern Miss,2006,4928391.0,16588414.0,0.2970983844507377
1263,Southern Miss,2007,5556745.0,18396942.0,0.30204720980258565
1264,Southern Miss,2008,4458078.0,19083585.0,0.23360799346663638
1265,Southern Miss,2009,5983125.0,18671620.0,0.3204395226552383
1266,Southern Miss,2010,6473448.0,19861580.0,0.3259281487172722
1267,Southern Miss,2011,6428055.0,19641550.0,0.3272682145757336
1268,Southern Miss,2012,6880942.0,20702037.0,0.33237994889101974
1269,Southern Miss,2013,7177341.0,21914136.0,0.3275210576406024
1270,Southern Miss,2014,7827157.0,22399056.0,0.3494413782437974
1271,Southern Miss,2015,7457481.0,23536254.0,0.3168508038704885
1272,Southern Miss,2016,7633450.0,24546909.0,0.31097398047143127
1273,Southern Miss,2017,8739522.0,25915460.0,0.3372319843058931
1274,Toledo,2005,,,
1275,Toledo,2006,3931278.0,14300546.0,0.2749040491181246
1276,Toledo,2007,4763244.0,16258879.0,0.2929626329096858
1277,Toledo,2008,4698738.0,16401077.0,0.28648960065244494
1278,Toledo,2009,5273437.0,17811494.0,0.29606932467315766
1279,Toledo,2010,4950863.0,19330595.0,0.2561153963444995
1280,Toledo,2011,5675081.0,20029156.0,0.28334099549676484
1281,Toledo,2012,6480851.0,20673092.0,0.31349209881134377
1282,Toledo,2013,7457181.0,22381963.0,0.3331781488513764
1283,Toledo,2014,7458313.0,23654141.0,0.31530686318306805
1284,Toledo,2015,6677902.0,26304331.0,0.25387081693885316
1285,Toledo,2016,7672810.0,29902989.0,0.256590068638289
1286,Toledo,2017,9362075.0,33289417.0,0.28123277136394426
1287,Utah,2005,,,
1288,Utah,2006,6917088.0,21311639.0,0.32456856086948543
1289,Utah,2007,6985956.0,24477346.0,0.2854049617961032
1290,Utah,2008,8161549.0,26328003.0,0.3099949889856819
1291,Utah,2009,8947125.0,27928663.0,0.32035636650418964
1292,Utah,2010,10423458.0,31302138.0,0.33299508167780745
1293,Utah,2011,10660873.0,31742827.0,0.3358514035312608
1294,Utah,2012,11781103.0,36846478.0,0.3197348468420781
1295,Utah,2013,15713226.0,43719503.0,0.35940998688846026
1296,Utah,2014,15670497.0,49520152.0,0.31644686793368487
1297,Utah,2015,16062071.0,50531606.0,0.3178618744078706
1298,Utah,2016,18817619.0,58734014.0,0.32038707587736126
1299,Utah,2017,24727560.0,78051971.0,0.3168089118466976
1300,Virginia,2005,,,
1301,Virginia,2006,16812582.0,59825403.0,0.2810274759035054
1302,Virginia,2007,14032284.0,51591398.0,0.2719888303860268
1303,Virginia,2008,17145138.0,64852417.0,0.2643716116239739
1304,Virginia,2009,18532848.0,65838543.0,0.28148933976257645
1305,Virginia,2010,17226350.0,63696905.0,0.27044249638188855
1306,Virginia,2011,15927675.0,70870412.0,0.22474364901392135
1307,Virginia,2012,16739587.0,72400342.0,0.23120867301980425
1308,Virginia,2013,17319041.0,75437849.0,0.22958026016887093
1309,Virginia,2014,21455216.0,84201789.0,0.2548071276727861
1310,Virginia,2015,22459835.0,87426105.0,0.2569007849543337
1311,Virginia,2016,18170478.0,91345925.0,0.19891941539811436
1312,Virginia,2017,20443566.0,99801739.0,0.20484178136415038
1313,Washington,2005,,,
1314,Washington,2006,13400762.0,45423346.0,0.2950192616809867
1315,Washington,2007,15122759.0,49011005.0,0.30855843498822355
1316,Washington,2008,13765662.0,50795299.0,0.2710026768422015
1317,Washington,2009,17202549.0,57330671.0,0.30005839282781116
1318,Washington,2010,18531946.0,60575780.0,0.3059299607863077
1319,Washington,2011,19207560.0,61640598.0,0.3116056726120665
1320,Washington,2012,21306380.0,67900835.0,0.31378671558309995
1321,Washington,2013,25368852.0,73833643.0,0.34359474853489214
1322,Washington,2014,23801655.0,76209927.0,0.3123169898850579
1323,Washington,2015,29099172.0,86097137.0,0.33798071589767265
1324,Washington,2016,44193760.0,104403253.0,0.4232986878292001
1325,Washington,2017,47055472.0,109560972.0,0.4294911877926749
1326,Wisconsin,2005,,,
1327,Wisconsin,2006,21993983.0,75719048.0,0.29046829801663643
1329,Wisconsin,2008,22893611.0,78845355.0,0.2903609350227417
1330,Wisconsin,2009,22905094.0,93008125.0,0.2462698178250556
1331,Wisconsin,2010,22711914.0,89643069.0,0.2533593980366736
1332,Wisconsin,2011,22041488.0,92259330.0,0.23890795651778524
1333,Wisconsin,2012,23662925.0,95623345.0,0.24745970766866607
1334,Wisconsin,2013,24231299.0,102275206.0,0.236922514729523
1335,Wisconsin,2014,31811279.0,146659187.0,0.21690614581137696
1336,Wisconsin,2015,31282930.0,125096235.0,0.25007091540364906
1337,Wisconsin,2016,30689254.0,118691112.0,0.2585640447955362
1338,Wisconsin,2017,30731315.0,130433373.0,0.2356092945629797
1339,Wyoming,2005,,,
1340,Wyoming,2006,4267712.0,20924672.0,0.20395598076758384
1341,Wyoming,2007,4085503.0,22292557.0,0.18326758119313097
1342,Wyoming,2008,4502461.0,23937954.0,0.1880887982322967
1343,Wyoming,2009,5438761.0,24876915.0,0.21862682732163535
1344,Wyoming,2010,5902082.0,26611238.0,0.22178908023745456
1345,Wyoming,2011,6428503.0,26524851.0,0.2423577421792115
1346,Wyoming,2012,5950434.0,27800441.0,0.2140409930907211
1347,Wyoming,2013,7209442.0,30476152.0,0.23656011428214427
1348,Wyoming,2014,6981430.0,29731941.0,0.23481245304502657
1349,Wyoming,2015,7513394.0,32966973.0,0.22790669922895257
1350,Wyoming,2016,8061048.0,33364169.0,0.24160793574687864
1351,Wyoming,2017,9273854.0,37221003.0,0.24915647759411536
1352,Utah State,2005,,,
1353,Utah State,2006,3156257.0,10965044.0,0.2878471805493895
1354,Utah State,2007,2873022.0,11501727.0,0.24979048798497824
1355,Utah State,2008,3344050.0,12690335.0,0.26351156214552257
1356,Utah State,2009,3708523.0,14595321.0,0.2540898552351127
1357,Utah State,2010,4836215.0,17801913.0,0.2716682752016595
1358,Utah State,2011,5053768.0,19344112.0,0.2612561383019288
1359,Utah State,2012,5223390.0,19700480.0,0.2651402402378013
1360,Utah State,2013,5882890.0,21565777.0,0.2727882236749457
1361,Utah State,2014,6889990.0,24307048.0,0.2834564690866616
1362,Utah State,2015,7637966.0,25707325.0,0.2971124377973982
1363,Utah State,2016,7700571.0,28287417.0,0.2722260219093175
1364,Utah State,2017,8720377.0,32416285.0,0.2690122264164447
1365,Virginia Tech,2005,,,
1366,Virginia Tech,2006,13897147.0,37465129.0,0.3709355171311435
1367,Virginia Tech,2007,17566222.0,45311500.0,0.3876769032144158
1368,Virginia Tech,2008,26294091.0,56064171.0,0.46899990726697804
1369,Virginia Tech,2009,25570614.0,59157745.0,0.43224456915996373
1370,Virginia Tech,2010,25804061.0,58920659.0,0.43794589941704487
1371,Virginia Tech,2011,21270983.0,55738633.0,0.38162010539440394
1372,Virginia Tech,2012,24628457.0,62594797.0,0.3934585329831807
1373,Virginia Tech,2013,24718021.0,66970798.0,0.36908655321682143
1374,Virginia Tech,2014,24781694.0,66581916.0,0.3721985711555672
1375,Virginia Tech,2015,24022916.0,69597779.0,0.3451678537040672
1376,Virginia Tech,2016,26153443.0,77679721.0,0.3366830192399893
1377,Virginia Tech,2017,30870180.0,84617028.0,0.36482231448733937
1378,Washington State,2005,,,
1379,Washington State,2006,6686483.0,27873562.0,0.23988620471255162
1380,Washington State,2007,7350030.0,29444187.0,0.2496258429550118
1381,Washington State,2008,7533545.0,32030273.0,0.23520077396780228
1382,Washington State,2009,8274189.0,36495847.0,0.22671590551111198
1383,Washington State,2010,8933696.0,38079471.0,0.23460662045436503
1384,Washington State,2011,9181495.0,38045842.0,0.24132716000870738
1385,Washington State,2012,9193553.0,40617093.0,0.2263468978442155
1386,Washington State,2013,12720020.0,47962255.0,0.26520896484120693
1387,Washington State,2014,12658532.0,52126124.0,0.2428442981872199
1388,Washington State,2015,16258003.0,68141258.0,0.23859264529574725
1389,Washington State,2016,16638377.0,67386939.0,0.24690803955348084
1390,Washington State,2017,18430942.0,71688623.0,0.2570971686818423
1391,West Virginia,2005,,,
1392,West Virginia,2006,11328836.0,35853722.0,0.3159737781198839
1393,West Virginia,2007,11942160.0,39160670.0,0.3049529030019149
1394,West Virginia,2008,13810787.0,42720691.0,0.32328098344663947
1395,West Virginia,2009,17778686.0,49052709.0,0.3624404515558967
1396,West Virginia,2010,15900884.0,53368035.0,0.2979477134580653
1397,West Virginia,2011,14330236.0,56607917.0,0.2531489720775276
1398,West Virginia,2012,12835298.0,61709469.0,0.2079955995083996
1399,West Virginia,2013,17190592.0,92968960.0,0.184906790395418
1400,West Virginia,2014,16135413.0,73501593.0,0.21952467071019807
1401,West Virginia,2015,17161159.0,76618251.0,0.22398265133982243
1402,West Virginia,2016,17367769.0,87265473.0,0.19902222955922097
1403,West Virginia,2017,16645015.0,85900652.0,0.1937705315670945
1404,Western Kentucky,2005,,,
1405,Western Kentucky,2006,2265255.0,14577734.0,0.15539143463586316
1406,Western Kentucky,2007,2713921.0,16081045.0,0.16876521395220273
1407,Western Kentucky,2008,2796724.0,17208710.0,0.16251793423214175
1408,Western Kentucky,2009,4206448.0,19957909.0,0.21076596751693777
1409,Western Kentucky,2010,5230017.0,22322317.0,0.23429543626676388
1410,Western Kentucky,2011,5768244.0,23243348.0,0.24816751872406678
1411,Western Kentucky,2012,5103326.0,22269484.0,0.22916229222015203
1412,Western Kentucky,2013,5883389.0,25770262.0,0.2283014817621955
1413,Western Kentucky,2014,6406872.0,27607401.0,0.23207081318520348
1414,Western Kentucky,2015,7836811.0,27716031.0,0.28275372473064414
1415,Western Kentucky,2016,7253532.0,30212548.0,0.24008342493986273
1416,Western Kentucky,2017,8390093.0,29456758.0,0.2848274409559939
1417,Western Michigan,2005,,,
1418,Western Michigan,2006,3631135.0,19611155.0,0.18515661112259835
1419,Western Michigan,2007,3780126.0,20962318.0,0.18032957996343724
1420,Western Michigan,2008,4054783.0,21271146.0,0.1906236269545609
1421,Western Michigan,2009,4557088.0,21635009.0,0.21063490197762338
1422,Western Michigan,2010,5603913.0,24545495.0,0.22830719038259362
1423,Western Michigan,2011,5065840.0,23233399.0,0.2180412775590864
1424,Western Michigan,2012,5775373.0,25410420.0,0.22728364977831927
1425,Western Michigan,2013,6047695.0,27817159.0,0.21740879433446098
1426,Western Michigan,2014,7112777.0,28630285.0,0.24843542423695747
1427,Western Michigan,2015,7335761.0,30113764.0,0.2436015969308918
1428,Western Michigan,2016,8097331.0,33255611.0,0.24348766287890486
1429,Western Michigan,2017,8577673.0,37643168.0,0.2278679892191858
