,Team,2018,2017,2016,2015,2014,2013,2012,2011,2010,2009,2008,2007,2006,2005,2004,2003,2002,4year_rec_avg2011,4year_rec_avg2012,4year_rec_avg2013,4year_rec_avg2014,4year_rec_avg2015,4year_rec_avg2016,4year_rec_avg2017,4year_rec_avg2018
0,Georgia,1,3,6,5,12,8,14,5,21,4,5,17,4,4,6,11,9,8.75,11.0,12.0,9.75,9.75,7.75,6.5,3.75
1,Ohio State,2,2,4,8,5,1,3,6,20,1,4,16,13,7,11,25,3,7.75,7.5,7.5,3.75,4.25,4.5,4.75,4.0
2,Texas,3,25,7,7,15,23,1,3,3,7,16,3,3,13,10,14,1,7.25,3.5,7.5,10.5,11.5,13.0,13.5,10.5
3,USC,4,4,10,1,10,18,20,4,5,9,9,2,1,6,1,1,12,6.75,9.5,11.75,13.0,12.25,9.75,6.25,4.75
4,Alabama,5,1,1,2,1,4,2,7,4,2,1,22,18,16,19,45,37,3.5,3.75,4.25,3.5,2.25,2.0,1.25,2.25
5,Penn State,6,15,20,13,25,44,51,34,10,11,41,19,6,28,12,50,16,24.0,26.5,34.75,38.5,33.25,25.5,18.25,13.5
6,Clemson,7,16,11,15,28,12,17,14,23,42,11,23,22,21,40,43,28,22.5,24.0,16.5,17.75,18.0,16.5,17.5,12.25
7,Miami FL,8,12,22,34,11,21,9,35,14,24,3,13,14,12,3,6,4,19.0,20.5,19.75,19.0,18.75,22.0,19.75,19.0
8,Oklahoma,9,8,19,14,13,15,10,15,2,10,13,30,8,5,7,3,2,10.0,9.25,10.5,13.25,13.0,15.25,13.5,12.5
9,Notre Dame,10,10,15,6,6,5,16,8,19,23,2,11,5,27,30,5,13,13.0,16.5,12.0,8.75,8.25,8.0,9.25,10.25
10,Florida State,11,6,3,11,3,16,11,1,9,18,8,33,12,3,4,12,6,9.0,9.75,9.25,7.75,10.25,8.25,5.75,7.75
11,Auburn,12,9,9,3,8,13,8,2,6,16,18,6,9,22,31,16,11,10.5,8.0,7.25,7.75,8.0,8.25,7.25,8.25
12,Oregon,13,19,27,21,22,17,15,11,13,26,23,9,52,30,15,44,31,18.25,16.25,14.0,16.25,18.75,21.75,22.25,20.0
13,Florida,14,11,12,29,9,7,5,26,1,21,12,1,2,11,8,4,20,15.0,13.25,9.75,11.75,12.5,14.25,15.25,16.5
14,LSU,15,7,2,12,2,9,6,9,7,3,7,5,7,19,2,2,15,6.5,6.25,7.75,6.5,7.25,6.25,5.75,9.0
15,Washington,16,22,29,23,35,14,23,22,11,,14,29,35,55,,18,23,15.666666666666666,18.666666666666668,17.5,23.5,23.75,25.25,27.25,22.5
16,Texas A&M,17,13,18,10,7,6,21,30,25,12,15,26,21,17,14,10,8,20.5,22.0,20.5,16.0,11.0,10.25,12.0,14.5
17,South Carolina,18,21,25,20,24,24,13,12,34,13,34,7,33,20,28,15,18,23.25,18.0,20.75,18.25,20.25,23.25,22.5,21.0
18,UCLA,19,20,13,9,20,3,12,55,8,5,10,36,20,24,24,35,7,19.5,20.0,19.5,22.5,11.0,11.25,15.5,15.25
19,North Carolina,20,29,32,24,31,29,41,21,31,6,30,14,25,34,18,13,35,22.0,24.75,30.5,30.5,31.25,29.0,29.0,26.25
20,Tennessee,21,17,14,4,4,36,22,10,16,8,35,4,24,1,9,7,5,17.25,14.0,21.0,18.0,16.5,14.5,9.75,14.0
21,Michigan,22,5,8,36,27,2,4,29,12,14,6,10,10,2,5,8,19,15.25,14.75,11.75,15.5,17.25,18.25,19.0,17.75
22,Nebraska,23,23,26,33,34,11,49,19,29,33,21,21,29,10,38,28,44,25.5,32.5,27.0,28.25,31.75,26.0,29.0,26.25
23,Virginia Tech,24,26,42,40,36,34,26,39,37,41,20,25,31,18,26,21,45,34.25,35.75,34.0,33.75,34.0,38.0,36.0,33.0
24,TCU,25,28,21,27,38,43,38,28,63,54,114,73,73,63,70,66,61,64.75,45.75,43.0,36.75,36.5,32.25,28.5,25.25
25,NC State,26,53,50,38,26,54,61,74,47,39,29,60,42,23,20,9,38,47.25,55.25,59.0,53.75,44.75,42.0,41.75,41.75
26,Mississippi State,27,24,28,18,39,20,18,45,38,19,33,27,39,39,60,20,17,33.75,30.0,30.25,30.5,23.75,26.25,27.25,24.25
27,Maryland,28,18,41,47,61,48,36,56,42,28,52,48,27,25,16,22,29,44.5,40.5,45.5,50.25,48.0,49.25,41.75,33.5
28,Baylor,29,40,40,43,23,26,30,50,51,44,55,52,55,64,89,47,21,50.0,43.75,39.25,32.25,30.5,33.0,36.5,38.0
29,Louisville,30,34,38,32,43,50,42,33,44,64,54,47,26,43,54,48,66,48.75,45.75,42.25,42.0,41.75,40.75,36.75,33.5
30,Michigan State,31,36,17,17,19,47,37,27,32,37,56,51,43,40,13,96,39,38.0,33.25,35.75,32.5,30.0,25.0,22.25,25.25
31,Mississippi,32,31,5,16,18,10,58,20,15,17,38,31,15,29,39,32,26,22.5,27.5,25.75,26.5,25.5,12.25,17.5,21.0
32,Utah,33,33,37,53,69,53,33,40,50,55,65,66,60,71,68,95,84,52.5,44.5,44.0,48.75,52.0,53.0,48.0,39.0
33,Oklahoma State,34,38,45,39,14,25,24,18,18,45,40,24,16,65,33,29,32,30.25,26.25,21.25,20.25,25.5,30.75,34.0,39.0
34,West Virginia,35,57,39,30,40,28,27,53,30,22,36,18,57,33,53,57,33,35.25,33.0,34.5,37.0,31.25,34.25,41.5,40.25
35,Arizona State,36,32,24,19,17,30,43,64,26,36,17,38,32,41,23,38,27,35.75,42.25,40.75,38.5,27.25,22.5,23.0,27.75
36,Kentucky,37,30,34,44,21,38,31,32,46,27,53,58,34,62,52,54,70,39.5,34.0,36.75,30.5,33.5,34.25,32.25,36.25
37,Minnesota,38,59,46,56,49,74,66,67,72,46,28,59,62,56,58,53,67,53.25,62.75,69.75,64.0,61.25,56.25,52.5,49.75
38,Iowa,39,41,47,50,41,51,47,25,45,75,44,37,40,8,41,30,40,47.25,48.0,42.0,41.0,47.25,47.25,44.75,44.25
39,Stanford,40,14,16,25,16,57,7,23,24,15,43,43,38,38,46,26,30,26.25,17.25,27.75,25.75,26.25,28.5,17.75,23.75
40,Vanderbilt,41,65,54,72,50,19,45,49,54,72,74,87,61,76,63,61,59,62.25,55.0,41.75,40.75,46.5,48.75,60.25,58.0
41,California,42,70,31,37,44,31,39,16,28,34,32,12,23,9,29,24,62,27.5,29.25,28.5,32.5,37.75,35.75,45.5,45.0
42,Missouri,43,43,43,26,32,35,34,46,27,38,31,39,58,37,36,52,57,35.5,36.25,35.5,36.75,31.75,34.0,36.0,38.75
43,Wisconsin,44,39,35,31,29,37,69,38,33,51,26,41,37,35,37,36,53,37.0,47.75,44.25,43.25,41.5,33.0,33.5,37.25
44,Washington State,45,44,56,45,58,45,50,57,40,43,75,54,45,47,21,58,48,53.75,47.5,48.0,52.5,49.5,51.0,50.75,47.5
45,Pittsburgh,46,37,30,63,42,22,40,47,17,31,25,8,11,42,47,39,25,30.0,33.75,31.5,37.75,41.75,39.25,43.0,44.0
46,Cincinnati,47,63,74,54,60,52,35,42,61,53,51,80,70,70,75,84,95,51.75,47.75,47.5,47.25,50.25,60.0,62.75,59.5
47,Arkansas,48,27,23,22,33,33,19,17,35,20,24,34,30,32,27,23,24,24.0,22.75,26.0,25.5,26.75,27.75,26.25,30.0
48,Indiana,49,62,53,57,45,49,53,58,59,65,63,74,79,75,62,63,76,61.25,58.75,54.75,51.25,51.0,51.0,54.25,55.25
49,Syracuse,50,54,62,49,53,73,54,51,53,102,50,46,51,49,51,62,36,64.0,65.0,57.75,57.75,57.25,59.25,54.5,53.75
50,Purdue,51,72,80,62,68,58,52,77,49,63,47,70,54,26,32,33,56,59.0,60.25,59.0,63.75,60.0,67.0,70.5,66.25
51,Colorado,52,35,69,74,72,69,29,62,70,57,27,35,50,44,49,19,22,54.0,54.5,57.5,58.0,61.0,71.0,62.5,57.5
52,Illinois,53,46,73,35,71,41,68,41,57,35,19,20,28,45,44,31,47,38.0,50.25,51.75,55.25,53.75,55.0,56.25,51.75
53,Georgia Tech,54,48,60,42,47,72,59,44,41,32,37,15,49,48,35,34,51,38.5,44.0,54.0,55.5,55.0,55.25,49.25,51.0
54,Iowa State,55,52,55,70,52,65,76,69,73,79,58,69,59,50,57,60,69,69.75,74.25,70.75,65.5,65.75,60.5,57.25,58.0
55,Boise State,56,64,68,46,66,42,56,65,97,60,64,57,78,73,72,73,75,71.5,69.5,65.0,57.25,52.5,55.5,61.0,58.5
56,Rutgers,57,42,64,51,55,32,32,31,48,29,42,28,63,67,45,69,41,37.5,35.0,35.75,37.5,42.5,50.5,53.0,53.5
57,Arizona,58,45,48,41,30,27,46,70,39,47,39,49,19,15,64,40,34,48.75,50.5,45.5,43.25,36.0,36.5,41.0,48.0
58,Northwestern,59,50,52,48,59,46,48,59,58,69,69,56,71,51,71,67,54,63.75,58.5,52.75,53.0,50.25,51.25,52.25,52.25
59,Virginia,60,58,63,55,51,39,28,24,66,49,62,32,53,14,25,17,10,50.25,41.75,39.25,35.5,43.25,52.0,56.75,59.0
60,Kansas,61,71,70,60,63,55,95,37,65,50,49,,47,57,56,70,78,50.25,61.75,63.0,62.5,68.25,62.0,66.0,65.5
61,Duke,62,47,33,69,67,70,63,63,71,52,71,64,36,31,65,76,60,64.25,62.25,66.75,65.75,67.25,59.75,54.0,52.75
62,Wake Forest,63,68,57,67,64,61,73,73,62,56,67,63,65,60,61,42,58,64.5,66.0,67.25,67.75,66.25,62.25,64.0,63.75
63,South Florida,64,76,66,71,46,59,67,60,52,25,46,45,56,54,43,108,104,45.75,51.0,59.5,58.0,60.75,60.5,64.75,69.25
64,Kansas State,65,61,72,52,54,68,106,61,99,112,45,55,48,46,48,51,42,79.25,94.5,83.5,72.25,70.0,61.5,59.75,62.5
65,Toledo,66,78,88,68,84,67,62,75,82,113,83,79,76,103,97,86,87,88.25,83.0,71.5,72.0,70.25,76.75,79.5,75.0
66,FIU,67,83,104,101,99,124,83,104,96,90,95,101,108,,,,,96.25,93.25,101.75,102.5,101.75,107.0,96.75,88.75
67,Oregon State,68,51,58,64,48,40,44,43,67,48,61,40,41,52,34,56,49,54.75,50.5,48.5,43.75,49.0,52.5,55.25,60.25
68,Tulane,69,112,97,111,101,86,94,99,94,77,90,111,74,90,66,46,50,90.0,91.0,93.25,95.0,98.0,98.75,105.25,97.25
69,UCF,70,55,65,76,73,90,119,54,56,59,66,61,87,78,106,65,73,58.75,72.0,79.75,84.0,89.5,76.0,67.25,66.5
70,Boston College,71,67,78,58,57,92,71,36,43,81,22,50,44,58,42,27,55,45.5,57.75,60.5,64.0,69.5,71.25,65.0,68.5
71,Texas Tech,72,49,44,28,37,56,25,13,36,30,59,44,17,36,17,37,14,34.5,26.0,32.5,32.75,36.5,41.25,39.5,48.25
72,Houston,73,69,36,85,86,62,57,72,55,58,77,62,69,80,84,41,43,65.5,60.5,61.5,69.25,72.5,67.25,69.0,65.75
73,Marshall,74,87,51,80,65,71,89,52,79,92,81,71,72,86,87,94,97,76.0,78.0,72.75,69.25,76.25,66.75,70.75,73.0
74,Florida Atlantic,75,60,89,77,93,106,112,120,116,98,109,108,115,,,,,110.75,111.5,113.5,107.75,97.0,91.25,79.75,75.25
75,Western Michigan,76,89,67,59,56,99,93,112,83,91,101,106,98,105,92,91,94,96.75,94.75,96.75,90.0,76.75,70.25,67.75,72.75
76,Louisiana Tech,77,100,94,89,91,119,117,82,93,80,96,99,97,97,108,49,110,87.75,93.0,102.75,102.25,104.0,98.25,93.5,90.0
77,BYU,78,66,49,61,62,63,60,66,22,40,57,42,46,53,55,59,46,46.25,47.0,52.75,62.75,61.5,58.75,59.5,63.5
78,San Diego State,79,77,82,65,70,64,72,94,77,100,97,81,85,74,50,55,65,92.0,85.75,76.75,75.0,67.75,70.25,73.5,75.75
79,Nevada,80,95,105,116,78,109,92,102,95,108,110,105,82,106,102,89,80,103.75,99.25,99.5,95.25,98.75,102.0,98.5,99.0
80,Memphis,81,56,61,86,82,102,84,71,74,94,98,86,67,72,80,68,64,84.25,80.75,82.75,84.75,88.5,82.75,71.25,71.0
81,Temple,82,119,59,93,74,87,55,100,76,89,72,75,86,101,94,115,105,84.25,80.0,79.5,79.0,77.25,78.25,86.25,88.25
82,Western Kentucky,83,82,101,87,83,95,118,85,119,78,119,,,,,,,100.25,100.0,104.25,95.25,95.75,91.5,88.25,88.25
83,Southern Miss,84,74,100,91,100,81,70,78,60,61,48,67,90,66,69,78,77,61.75,67.25,72.25,82.25,85.5,93.0,91.25,87.25
84,UTSA,85,75,103,,,,,,,,,,,,,,,,,,,,103.0,89.0,87.66666666666667
85,Colorado State,86,73,76,128,79,82,114,84,90,107,94,83,80,96,59,77,63,93.75,98.75,92.5,89.75,100.75,91.25,89.0,90.75
86,SMU,87,80,75,79,75,75,64,48,68,67,87,94,92,108,86,75,68,67.5,61.75,63.75,65.5,73.25,76.0,77.25,80.25
87,East Carolina,88,79,79,104,109,66,99,79,110,86,93,72,64,84,73,81,81,92.0,93.5,88.5,88.25,94.5,89.5,92.75,87.5
88,Arkansas State,89,111,90,90,97,110,78,101,106,105,104,82,117,115,104,107,108,104.0,97.5,98.75,96.5,93.75,96.75,97.0,95.0
89,Georgia Southern,90,106,77,102,123,,,,,,,,,,,,,,,,123.0,112.5,100.66666666666667,102.0,93.75
90,Bowling Green,91,81,111,92,105,84,82,88,85,87,107,98,75,100,82,98,96,91.75,85.5,84.75,89.75,90.75,98.0,97.25,93.75
91,Fresno State,92,84,85,84,81,77,113,93,64,70,60,68,96,93,110,64,52,71.75,85.0,86.75,91.0,88.75,81.75,83.5,86.25
92,NIU,93,97,112,75,103,91,105,90,103,106,118,114,104,98,99,106,93,104.25,101.0,97.25,97.25,93.5,95.25,96.75,94.25
93,San Jose State,94,98,84,66,76,113,97,108,75,93,120,102,91,104,111,88,71,99.0,93.25,98.25,98.5,88.0,84.75,81.0,85.5
94,Georgia State,95,105,125,123,112,111,,,,,,,,,,,,,,111.0,111.5,115.33333333333333,117.75,116.25,112.0
95,Hawaii,96,86,108,127,96,80,107,83,86,62,92,85,102,83,83,83,74,80.75,84.5,89.0,91.5,102.5,102.75,104.25,104.25
96,Tulsa,97,85,95,107,88,79,79,68,91,73,86,92,83,82,77,109,72,79.5,77.75,79.25,78.5,88.25,92.25,93.75,96.0
97,Troy,98,96,98,120,125,121,111,87,87,71,76,65,89,68,74,72,115,80.25,89.0,101.5,111.0,119.25,116.0,109.75,103.0
98,UNLV,99,117,81,108,124,112,85,91,92,84,82,93,88,85,93,71,89,87.25,88.0,95.0,103.0,107.25,106.25,107.5,101.25
99,Kent State,100,126,128,125,121,116,96,119,114,114,100,89,113,110,116,102,102,111.75,110.75,111.25,113.0,114.5,122.5,125.0,119.75
100,Navy,101,88,91,97,87,98,90,103,84,85,113,118,93,117,107,112,98,96.25,90.5,93.75,94.5,93.0,93.25,90.75,94.25
101,UAB,102,108,71,129,95,117,101,92,112,104,103,100,68,87,103,97,116,102.75,102.25,105.5,101.25,110.5,103.0,100.75,102.5
102,North Texas,103,115,102,88,116,123,110,114,117,117,68,103,110,81,98,104,113,104.0,114.5,116.0,115.75,109.25,107.25,105.25,102.0
103,Middle Tennessee,104,91,96,100,85,94,109,110,107,83,88,95,111,61,81,99,88,97.0,102.25,105.0,99.5,97.0,93.75,93.0,97.75
104,Connecticut,105,101,99,117,119,60,65,81,69,76,70,53,66,59,79,82,101,74.0,72.75,68.75,81.25,90.25,98.75,109.0,105.5
105,Texas State,106,92,110,95,92,104,120,,,,,,,,,,,,120.0,112.0,105.33333333333333,102.75,100.25,97.25,100.75
106,Massachusetts,107,110,86,122,126,105,122,,,,,,,,,,,,122.0,113.5,117.66666666666667,118.75,109.75,111.0,106.25
107,Eastern Michigan,108,123,121,98,118,85,77,116,120,111,112,97,105,112,91,110,90,114.75,106.0,99.5,99.0,94.5,105.5,115.0,112.5
108,Rice,109,122,127,94,110,96,81,86,104,74,99,90,94,114,115,74,114,90.75,86.25,91.75,93.25,95.25,106.75,113.25,113.0
109,Charlotte,110,114,119,124,,,,,,,,,,,,,,,,,,124.0,121.5,119.0,116.75
110,Appalachian State,111,107,109,118,108,,,,,,,,,,,,,,,,108.0,113.0,111.66666666666667,110.5,111.25
111,Coastal Carolina,112,125,124,,,,,,,,,,,,,,,,,,,,124.0,124.5,120.33333333333333
112,South Alabama,113,116,87,103,115,93,115,,,,,,,,,,,,115.0,104.0,107.66666666666667,106.5,99.5,105.25,104.75
113,Louisiana Lafayette,114,121,106,82,90,78,102,97,111,119,111,116,106,94,109,114,79,109.5,107.25,97.0,91.75,88.0,89.0,99.75,105.75
114,Army,115,120,117,109,98,115,121,106,98,99,80,119,107,107,100,79,85,95.75,106.0,110.0,110.0,110.75,109.75,111.0,115.25
115,Utah State,116,104,92,96,94,114,123,96,108,103,116,107,118,88,67,101,82,105.75,107.5,110.25,106.75,106.75,99.0,96.5,102.0
116,Louisiana Monroe,117,102,122,110,120,125,116,111,113,82,91,112,109,111,112,116,111,99.25,105.5,116.25,118.0,117.75,119.25,113.5,112.75
117,Ball State,118,90,113,83,80,89,91,113,89,101,102,88,81,109,105,105,86,101.25,98.5,95.5,93.25,85.75,91.25,91.5,101.0
118,Akron,119,128,129,121,128,108,104,89,88,116,84,77,101,69,101,100,83,94.25,99.25,97.25,107.25,115.25,121.5,126.5,124.25
119,Central Michigan,120,93,107,78,113,76,75,76,100,68,79,117,99,92,90,85,100,80.75,79.75,81.75,85.0,85.5,93.5,97.75,99.5
120,Ohio,121,103,115,81,77,101,103,80,118,96,105,110,103,91,88,87,99,99.75,99.25,100.5,90.25,90.5,93.5,94.0,105.0
121,Air Force,122,109,114,105,107,88,80,95,80,118,78,104,116,99,95,90,107,92.75,93.25,85.75,92.5,95.0,103.5,108.75,112.5
122,New Mexico,123,118,83,114,89,97,108,109,78,88,108,91,112,89,96,80,103,95.75,95.75,98.0,100.75,102.0,95.75,101.0,109.5
123,New Mexico State,124,127,126,119,117,120,100,118,115,120,117,113,119,113,113,117,112,117.5,113.25,113.25,113.75,114.0,120.5,122.25,124.0
124,Wyoming,125,99,116,115,122,107,98,98,102,95,106,109,95,95,85,103,106,100.25,98.25,101.25,106.25,110.5,115.0,113.0,113.75
125,Old Dominion,126,124,120,106,114,,,,,,,,,,,,,,,,114.0,110.0,113.33333333333333,116.0,119.0
126,UTEP,127,129,123,126,104,118,86,105,81,109,73,96,100,77,117,113,117,92.0,95.25,97.5,103.25,108.5,117.75,120.5,126.25
127,Miami OH,128,94,93,73,102,83,74,117,101,97,89,76,84,116,78,111,91,101.0,97.25,93.75,94.0,83.0,87.75,90.5,97.0
128,Buffalo,129,113,118,113,106,122,88,107,109,110,115,115,114,102,114,92,109,110.25,103.5,106.5,105.75,107.25,114.75,112.5,118.25
129,Liberty,130,130,130,,,,,,,,,,,,,,,,,,,,130.0,130.0,130.0
130,Idaho,,,,112,111,103,87,115,105,115,85,84,77,79,76,93,92,105.0,105.5,102.5,104.0,103.25,108.66666666666667,111.5,112.0
